,PRINTER_L1_RETRACT_ACT_DISP
2026-07-22 01:18:56.637,8793.0
2026-07-22 01:19:56.648,8967.0
2026-07-22 01:20:56.654,9110.0
2026-07-22 01:21:56.660,9270.0
2026-07-22 01:22:56.666,9401.0
2026-07-22 01:23:56.679,9535.0
2026-07-22 01:24:56.691,9653.0
2026-07-22 01:25:56.695,9812.0
2026-07-22 01:26:56.705,9955.0
2026-07-22 01:27:56.708,10112.0
2026-07-22 01:28:56.718,10252.0
2026-07-22 01:29:56.726,10422.0
2026-07-22 01:30:56.741,10559.0
2026-07-22 01:31:56.755,10715.0
2026-07-22 01:32:56.765,10863.0
2026-07-22 01:33:56.770,11034.0
2026-07-22 01:34:56.777,11191.0
2026-07-22 01:35:56.780,11342.0
2026-07-22 01:36:56.793,11492.0
2026-07-22 01:37:56.804,11644.0
2026-07-22 01:38:56.807,11828.0
2026-07-22 01:39:56.815,12010.0
2026-07-22 01:40:56.829,12156.0
2026-07-22 01:41:56.836,12327.0
2026-07-22 01:42:56.845,12489.0
2026-07-22 01:43:56.848,12626.0
2026-07-22 01:44:56.851,12746.0
2026-07-22 01:45:56.861,12866.0
2026-07-22 01:46:56.873,13032.0
2026-07-22 01:47:56.888,13191.0
2026-07-22 01:48:56.903,13307.0
2026-07-22 01:49:56.907,13455.0
2026-07-22 01:50:56.919,13607.0
2026-07-22 01:51:56.921,13748.0
2026-07-22 01:52:56.923,13862.0
2026-07-22 01:53:56.928,13975.0
2026-07-22 01:54:56.943,14125.0
2026-07-22 01:55:56.947,14260.0
2026-07-22 01:56:56.948,14415.0
2026-07-22 01:57:56.960,14569.0
2026-07-22 01:58:56.977,14727.0
2026-07-22 01:59:56.978,14843.0
2026-07-22 02:00:56.981,14986.0
2026-07-22 02:01:56.984,15128.0
2026-07-22 02:02:56.994,15290.0
2026-07-22 02:03:56.995,15424.0
2026-07-22 02:04:57.009,15569.0
2026-07-22 02:05:57.024,15698.0
2026-07-22 02:06:57.037,15875.0
2026-07-22 02:07:57.040,16026.0
2026-07-22 02:08:57.051,16176.0
2026-07-22 02:09:57.065,16314.0
2026-07-22 02:10:57.073,16435.0
2026-07-22 02:11:57.084,16570.0
2026-07-22 02:12:57.086,16671.0
2026-07-22 02:13:57.087,16810.0
2026-07-22 02:14:57.093,16946.0
2026-07-22 02:15:57.099,17091.0
2026-07-22 02:16:57.109,17262.0
2026-07-22 02:17:57.120,17440.0
2026-07-22 02:18:57.133,17638.0
2026-07-22 02:19:57.146,17806.0
2026-07-22 02:21:50.089,149.0
2026-07-22 02:22:50.104,274.0
2026-07-22 02:23:50.117,411.0
2026-07-22 02:24:50.118,546.0
2026-07-22 02:25:50.123,713.0
2026-07-22 02:26:50.142,899.0
2026-07-22 02:27:50.152,1023.0
2026-07-22 02:28:50.191,1149.0
2026-07-22 02:29:50.198,1315.0
2026-07-22 02:30:50.211,1455.0
2026-07-22 02:31:50.222,1577.0
2026-07-22 02:32:50.223,1698.0
2026-07-22 02:33:50.231,1827.0
2026-07-22 02:34:50.234,1976.0
2026-07-22 02:35:50.249,2102.0
2026-07-22 02:36:50.254,2266.0
2026-07-22 02:37:50.258,2418.0
2026-07-22 02:38:50.263,2565.0
2026-07-22 02:39:50.275,2736.0
2026-07-22 02:40:50.276,2881.0
2026-07-22 02:41:50.289,3018.0
2026-07-22 02:42:50.292,3167.0
2026-07-22 02:43:50.297,3321.0
2026-07-22 02:44:50.305,3471.0
2026-07-22 02:45:50.311,3615.0
2026-07-22 02:46:50.326,3746.0
2026-07-22 02:47:50.334,3903.0
2026-07-22 02:48:50.341,4033.0
2026-07-22 02:49:50.356,4148.0
2026-07-22 02:50:50.367,4295.0
2026-07-22 02:51:50.377,4444.0
2026-07-22 02:52:50.392,4588.0
2026-07-22 02:53:50.399,4753.0
2026-07-22 02:54:50.414,4877.0
2026-07-22 02:55:50.425,5015.0
2026-07-22 02:56:50.440,5160.0
2026-07-22 02:57:50.455,5322.0
2026-07-22 02:58:50.469,5492.0
2026-07-22 02:59:50.475,5633.0
2026-07-22 03:00:50.487,5791.0
2026-07-22 03:01:50.502,5944.0
2026-07-22 03:02:50.514,6119.0
2026-07-22 03:03:50.515,6284.0
2026-07-22 03:04:50.523,6434.0
2026-08-18 21:56:42.651,176.0
2026-08-18 21:57:42.651,176.0
2026-08-18 21:57:42.652,176.0
2026-08-18 21:58:42.651,176.0
2026-08-18 21:58:42.652,176.0
2026-08-18 21:59:42.652,176.0
2026-08-18 22:00:42.664,176.0
2026-08-18 22:01:42.664,176.0
2026-08-18 22:01:42.665,176.0
2026-08-18 22:02:42.664,176.0
2026-08-18 22:02:42.665,176.0
2026-08-18 22:03:42.665,176.0
2026-08-18 22:04:42.665,176.0
2026-08-18 22:05:42.665,176.0
2026-08-18 22:06:42.665,1.0
2026-08-18 22:07:42.665,1.0
2026-08-18 22:08:42.665,1.0
2026-08-18 22:09:42.665,1.0
2026-08-18 22:10:42.679,1.0
2026-08-18 22:11:42.679,1.0
2026-08-18 22:12:42.679,1.0
2026-08-18 22:13:42.679,1.0
2026-08-18 22:14:42.679,1.0
2026-08-18 22:15:42.679,1.0
2026-08-18 22:16:42.679,1.0
2026-08-18 22:17:42.679,1.0
2026-08-18 22:18:42.679,1.0
2026-08-18 22:18:42.680,1.0
2026-08-18 22:19:42.680,1.0
2026-08-18 22:20:42.683,1.0
2026-08-18 22:21:42.683,13.0
2026-08-18 22:22:42.683,13.0
2026-08-18 22:22:42.684,13.0
2026-08-18 22:23:42.684,13.0
2026-08-18 22:24:42.684,13.0
2026-08-18 22:25:42.684,13.0
2026-08-18 22:26:42.684,13.0
2026-08-18 22:27:42.684,13.0
2026-08-18 22:28:42.684,13.0
2026-08-18 22:29:42.684,13.0
2026-08-18 22:30:42.703,13.0
2026-08-18 22:31:42.703,13.0
2026-08-18 22:32:42.703,13.0
2026-08-18 22:33:42.703,13.0
2026-08-18 22:34:42.703,13.0
2026-08-18 22:35:42.703,26.0
2026-08-18 22:35:42.704,26.0
2026-08-18 22:36:42.703,26.0
2026-08-18 22:36:42.704,26.0
2026-08-18 22:37:42.703,26.0
2026-08-18 22:37:42.704,26.0
2026-08-18 22:38:42.703,26.0
2026-08-18 22:38:42.704,26.0
2026-08-18 22:39:42.703,26.0
2026-08-18 22:39:42.704,26.0
2026-08-18 22:40:42.717,26.0
2026-08-18 22:41:42.717,26.0
2026-08-18 22:42:42.717,26.0
2026-08-18 22:43:42.717,26.0
2026-08-18 22:44:42.717,26.0
2026-08-18 22:44:42.718,26.0
2026-08-18 22:45:42.717,26.0
2026-08-18 22:45:42.718,26.0
2026-08-18 22:46:42.717,26.0
2026-08-18 22:46:42.718,26.0
2026-08-18 22:47:42.717,26.0
2026-08-18 22:47:42.718,26.0
2026-08-18 22:48:42.717,26.0
2026-08-18 22:48:42.718,26.0
2026-08-18 22:49:42.717,26.0
2026-08-18 22:49:42.718,26.0
2026-08-18 22:50:42.727,31.0
2026-08-18 22:51:42.727,31.0
2026-08-18 22:52:42.727,31.0
2026-08-18 22:52:42.728,31.0
2026-08-18 22:53:42.727,31.0
2026-08-18 22:53:42.728,31.0
2026-08-18 22:54:42.727,31.0
2026-08-18 22:54:42.728,31.0
2026-08-18 22:55:42.727,31.0
2026-08-18 22:55:42.728,31.0
2026-08-18 22:56:42.727,31.0
2026-08-18 22:56:42.728,31.0
2026-08-18 22:57:42.727,31.0
2026-08-18 22:57:42.728,31.0
2026-08-18 22:58:42.727,31.0
2026-08-18 22:58:42.728,31.0
2026-08-18 22:59:42.727,31.0
2026-08-18 22:59:42.728,31.0
2026-08-18 23:00:42.741,31.0
2026-08-18 23:00:42.742,31.0
2026-08-18 23:01:42.741,31.0
2026-08-18 23:01:42.742,31.0
2026-08-18 23:02:42.741,31.0
2026-08-18 23:02:42.742,31.0
2026-08-18 23:03:42.741,31.0
2026-08-18 23:03:42.742,31.0
2026-08-18 23:04:42.741,31.0
2026-08-18 23:04:42.742,31.0
2026-08-18 23:05:42.741,39.0
2026-08-18 23:05:42.742,39.0
2026-08-18 23:06:42.741,39.0
2026-08-18 23:06:42.742,39.0
2026-08-18 23:07:42.742,39.0
2026-08-18 23:08:42.742,39.0
2026-08-18 23:09:42.742,39.0
2026-08-18 23:10:42.754,39.0
2026-08-18 23:11:42.754,39.0
2026-08-18 23:12:42.754,39.0
2026-08-18 23:13:42.754,39.0
2026-08-18 23:14:42.754,39.0
2026-08-18 23:15:42.754,39.0
2026-08-18 23:16:42.754,39.0
2026-08-18 23:16:42.755,39.0
2026-08-18 23:17:42.754,39.0
2026-08-18 23:17:42.755,39.0
2026-08-18 23:18:42.754,39.0
2026-08-18 23:18:42.755,39.0
2026-08-18 23:19:42.754,39.0
2026-08-18 23:19:42.755,39.0
2026-08-18 23:20:42.766,46.0
2026-08-18 23:20:42.767,46.0
2026-08-18 23:21:42.766,46.0
2026-08-18 23:21:42.767,46.0
2026-08-18 23:22:42.766,46.0
2026-08-18 23:22:42.767,46.0
2026-08-18 23:23:42.766,46.0
2026-08-18 23:23:42.767,46.0
2026-08-18 23:24:42.767,46.0
2026-08-18 23:25:42.767,46.0
2026-08-18 23:26:42.767,46.0
2026-08-18 23:27:42.767,46.0
2026-08-18 23:28:42.767,46.0
2026-08-18 23:29:42.767,46.0
2026-08-18 23:29:42.768,46.0
2026-08-18 23:30:42.780,46.0
2026-08-18 23:31:42.780,46.0
2026-08-18 23:32:42.780,46.0
2026-08-18 23:32:42.781,46.0
2026-08-18 23:33:42.780,46.0
2026-08-18 23:33:42.781,46.0
2026-08-18 23:34:42.780,46.0
2026-08-18 23:34:42.781,46.0
2026-08-18 23:35:42.780,49.0
2026-08-18 23:35:42.781,49.0
2026-08-18 23:36:42.780,49.0
2026-08-18 23:36:42.781,49.0
2026-08-18 23:37:42.780,49.0
2026-08-18 23:37:42.781,49.0
2026-08-18 23:38:42.780,49.0
2026-08-18 23:38:42.781,49.0
2026-08-18 23:39:42.780,49.0
2026-08-18 23:39:42.781,49.0
2026-08-18 23:40:42.791,49.0
2026-08-18 23:40:42.792,49.0
2026-08-18 23:41:42.791,49.0
2026-08-18 23:41:42.792,49.0
2026-08-18 23:42:42.791,49.0
2026-08-18 23:42:42.792,49.0
2026-08-18 23:43:42.791,49.0
2026-08-18 23:43:42.792,49.0
2026-08-18 23:44:42.792,49.0
2026-08-18 23:45:42.792,49.0
2026-08-18 23:46:42.792,49.0
2026-08-18 23:47:42.792,49.0
2026-08-18 23:48:42.792,49.0
2026-08-18 23:49:42.792,49.0
2026-08-18 23:50:42.800,54.0
2026-08-18 23:51:42.800,54.0
2026-08-18 23:52:42.800,54.0
2026-08-18 23:53:42.800,54.0
2026-08-18 23:53:42.801,54.0
2026-08-18 23:54:42.801,54.0
2026-08-18 23:55:42.801,54.0
2026-08-18 23:56:42.801,54.0
2026-08-18 23:57:42.801,54.0
2026-08-18 23:58:42.801,54.0
2026-08-18 23:59:42.801,54.0
2026-08-19 00:00:42.815,54.0
2026-08-19 00:00:42.816,54.0
2026-08-19 00:01:42.815,54.0
2026-08-19 00:01:42.816,54.0
2026-08-19 00:02:42.815,54.0
2026-08-19 00:02:42.816,54.0
2026-08-19 00:03:42.815,54.0
2026-08-19 00:03:42.816,54.0
2026-08-19 00:04:42.816,54.0
2026-08-19 00:05:42.816,59.0
2026-08-19 00:06:42.816,59.0
2026-08-19 00:07:42.816,59.0
2026-08-19 00:07:42.817,59.0
2026-08-19 00:08:42.816,59.0
2026-08-19 00:08:42.817,59.0
2026-08-19 00:09:42.816,59.0
2026-08-19 00:09:42.817,59.0
2026-08-19 00:10:42.828,59.0
2026-08-19 00:10:42.829,59.0
2026-08-19 00:11:42.828,59.0
2026-08-19 00:11:42.829,59.0
2026-08-19 00:12:42.828,59.0
2026-08-19 00:12:42.829,59.0
2026-08-19 00:13:42.828,59.0
2026-08-19 00:13:42.829,59.0
2026-08-19 00:14:42.829,59.0
2026-08-19 00:15:42.829,59.0
2026-08-19 00:16:42.829,59.0
2026-08-19 00:17:42.829,59.0
2026-08-19 00:18:42.829,59.0
2026-08-19 00:18:42.830,59.0
2026-08-19 00:19:42.829,59.0
2026-08-19 00:19:42.830,59.0
2026-08-19 00:20:42.837,63.0
2026-08-19 00:20:42.838,63.0
2026-08-19 00:21:42.838,63.0
2026-08-19 00:22:42.838,63.0
2026-08-19 00:23:42.838,63.0
2026-08-19 00:24:42.838,63.0
2026-08-19 00:25:42.838,63.0
2026-08-19 00:25:42.839,63.0
2026-08-19 00:26:42.838,63.0
2026-08-19 00:26:42.839,63.0
2026-08-19 00:27:42.839,63.0
2026-08-19 00:28:42.839,63.0
2026-08-19 00:29:42.839,63.0
2026-08-19 00:30:42.856,63.0
2026-08-19 00:30:42.857,63.0
2026-08-19 00:31:42.856,63.0
2026-08-19 00:31:42.857,63.0
2026-08-19 00:32:42.856,63.0
2026-08-19 00:32:42.857,63.0
2026-08-19 00:33:42.856,63.0
2026-08-19 00:33:42.857,63.0
2026-08-19 00:34:42.856,63.0
2026-08-19 00:34:42.857,63.0
2026-08-19 00:35:42.856,68.0
2026-08-19 00:35:42.858,68.0
2026-08-19 00:36:42.857,68.0
2026-08-19 00:36:42.858,68.0
2026-08-19 00:37:42.857,68.0
2026-08-19 00:37:42.858,68.0
2026-08-19 00:38:42.857,68.0
2026-08-19 00:38:42.858,68.0
2026-08-19 00:39:42.857,68.0
2026-08-19 00:39:42.858,68.0
2026-08-19 00:40:42.869,68.0
2026-08-19 00:40:42.870,68.0
2026-08-19 00:41:42.869,68.0
2026-08-19 00:41:42.870,68.0
2026-08-19 00:42:42.869,68.0
2026-08-19 00:42:42.871,68.0
2026-08-19 00:43:42.869,68.0
2026-08-19 00:43:42.871,68.0
2026-08-19 00:44:42.869,68.0
2026-08-19 00:44:42.871,68.0
2026-08-19 00:45:42.870,68.0
2026-08-19 00:45:42.871,68.0
2026-08-19 00:46:42.870,68.0
2026-08-19 00:46:42.871,68.0
2026-08-19 00:47:42.870,68.0
2026-08-19 00:47:42.871,68.0
2026-08-19 00:48:42.870,68.0
2026-08-19 00:48:42.871,68.0
2026-08-19 00:49:42.870,68.0
2026-08-19 00:49:42.871,68.0
2026-08-19 00:50:42.882,74.0
2026-08-19 00:50:42.883,74.0
2026-08-19 00:51:42.882,74.0
2026-08-19 00:51:42.883,74.0
2026-08-19 00:52:42.882,74.0
2026-08-19 00:52:42.883,74.0
2026-08-19 00:53:42.882,74.0
2026-08-19 00:53:42.883,74.0
2026-08-19 00:54:42.882,74.0
2026-08-19 00:54:42.883,74.0
2026-08-19 00:55:42.882,74.0
2026-08-19 00:55:42.883,74.0
2026-08-19 00:56:42.882,74.0
2026-08-19 00:56:42.883,74.0
2026-08-19 00:57:42.882,74.0
2026-08-19 00:57:42.883,74.0
2026-08-19 00:58:42.883,74.0
2026-08-19 00:58:42.884,74.0
2026-08-19 00:59:42.883,74.0
2026-08-19 00:59:42.884,74.0
2026-08-19 01:00:42.893,74.0
2026-08-19 01:00:42.894,74.0
2026-08-19 01:01:42.893,74.0
2026-08-19 01:01:42.894,74.0
2026-08-19 01:02:42.893,74.0
2026-08-19 01:02:42.894,74.0
2026-08-19 01:03:42.893,74.0
2026-08-19 01:03:42.894,74.0
2026-08-19 01:04:42.893,78.0
2026-08-19 01:04:42.894,78.0
2026-08-19 01:05:42.893,78.0
2026-08-19 01:05:42.894,78.0
2026-08-19 01:06:42.894,78.0
2026-08-19 01:07:42.894,78.0
2026-08-19 01:08:42.894,78.0
2026-08-19 01:09:42.894,78.0
2026-08-19 01:09:42.895,78.0
2026-08-19 01:10:42.907,78.0
2026-08-19 01:11:42.907,78.0
2026-08-19 01:12:42.907,78.0
2026-08-19 01:13:42.907,78.0
2026-08-19 01:14:42.907,78.0
2026-08-19 01:14:42.908,78.0
2026-08-19 01:15:42.907,78.0
2026-08-19 01:15:42.908,78.0
2026-08-19 01:16:42.908,78.0
2026-08-19 01:17:42.908,78.0
2026-08-19 01:18:42.908,78.0
2026-08-19 01:19:42.908,84.0
2026-08-19 01:20:42.919,84.0
2026-08-19 01:21:42.919,84.0
2026-08-19 01:22:42.919,84.0
2026-08-19 01:23:42.919,84.0
2026-08-19 01:23:42.920,84.0
2026-08-19 01:24:42.920,84.0
2026-08-19 01:25:42.920,84.0
2026-08-19 01:26:42.920,84.0
2026-08-19 01:26:42.921,84.0
2026-08-19 01:27:42.920,84.0
2026-08-19 01:27:42.921,84.0
2026-08-19 01:28:42.920,84.0
2026-08-19 01:28:42.921,84.0
2026-08-19 01:29:42.920,84.0
2026-08-19 01:29:42.921,84.0
2026-08-19 01:30:42.932,84.0
2026-08-19 01:31:42.932,84.0
2026-08-19 01:31:42.933,84.0
2026-08-19 01:32:42.932,84.0
2026-08-19 01:32:42.933,84.0
2026-08-19 01:33:42.932,84.0
2026-08-19 01:33:42.933,84.0
2026-08-19 01:34:42.932,92.0
2026-08-19 01:34:42.933,92.0
2026-08-19 01:35:42.933,92.0
2026-08-19 01:36:42.933,92.0
2026-08-19 01:37:42.933,92.0
2026-08-19 01:38:42.933,92.0
2026-08-19 01:39:42.933,92.0
2026-08-19 01:40:42.944,92.0
2026-08-19 01:40:42.945,92.0
2026-08-19 01:41:42.944,92.0
2026-08-19 01:41:42.945,92.0
2026-08-19 01:42:42.944,92.0
2026-08-19 01:42:42.945,92.0
2026-08-19 01:43:42.944,92.0
2026-08-19 01:43:42.945,92.0
2026-08-19 01:44:42.944,92.0
2026-08-19 01:44:42.945,92.0
2026-08-19 01:45:42.945,92.0
2026-08-19 01:45:42.946,92.0
2026-08-19 01:46:42.945,92.0
2026-08-19 01:46:42.946,92.0
2026-08-19 01:47:42.945,92.0
2026-08-19 01:47:42.946,92.0
2026-08-19 01:48:42.945,92.0
2026-08-19 01:48:42.946,92.0
2026-08-19 01:49:42.945,105.0
2026-08-19 01:49:42.946,105.0
2026-08-19 01:50:42.957,105.0
2026-08-19 01:50:42.958,105.0
2026-08-19 01:51:42.957,105.0
2026-08-19 01:51:42.958,105.0
2026-08-19 01:52:42.957,105.0
2026-08-19 01:52:42.958,105.0
2026-08-19 01:53:42.957,105.0
2026-08-19 01:53:42.958,105.0
2026-08-19 01:54:42.957,105.0
2026-08-19 01:54:42.958,105.0
2026-08-19 01:55:42.958,105.0
2026-08-19 01:56:42.958,105.0
2026-08-19 01:57:42.958,105.0
2026-08-19 01:58:42.958,105.0
2026-08-19 01:59:42.958,105.0
2026-08-19 01:59:42.959,105.0
2026-08-19 02:00:42.970,105.0
2026-08-19 02:01:42.970,105.0
2026-08-19 02:02:42.970,105.0
2026-08-19 02:02:42.971,105.0
2026-08-19 02:03:42.970,105.0
2026-08-19 02:03:42.971,105.0
2026-08-19 02:04:42.971,120.0
2026-08-19 02:05:42.971,120.0
2026-08-19 02:06:42.971,120.0
2026-08-19 02:07:42.971,120.0
2026-08-19 02:08:42.971,120.0
2026-08-19 02:09:42.971,120.0
2026-08-19 02:09:42.972,120.0
2026-08-19 02:12:44.531,-1.0
2026-08-19 02:13:44.529,-1.0
2026-08-19 02:13:44.531,-1.0
2026-08-19 02:14:44.529,-1.0
2026-08-19 02:14:44.531,-1.0
2026-08-19 02:15:44.529,-1.0
2026-08-19 02:15:44.531,-1.0
2026-08-19 02:16:44.529,-1.0
2026-08-19 02:16:44.531,-1.0
2026-08-19 02:17:44.529,-1.0
2026-08-19 02:17:44.531,-1.0
2026-08-19 02:18:44.529,-1.0
2026-08-19 02:18:44.531,-1.0
2026-08-19 02:19:44.529,126.0
2026-08-19 02:19:44.531,126.0
2026-08-19 02:20:44.529,126.0
2026-08-19 02:20:44.531,126.0
2026-08-19 02:33:10.708,126.0
2026-08-19 02:33:10.710,126.0
2026-08-19 02:34:10.710,126.0
2026-08-19 02:35:10.708,126.0
2026-08-19 02:35:10.711,126.0
2026-08-19 02:36:10.708,126.0
2026-08-19 02:36:10.711,126.0
2026-08-19 02:37:10.708,126.0
2026-08-19 02:37:10.711,126.0
2026-08-19 02:38:10.708,126.0
2026-08-19 02:38:10.711,126.0
2026-08-19 02:39:10.708,126.0
2026-08-19 02:39:10.711,126.0
2026-08-19 02:40:10.709,126.0
2026-08-19 02:40:10.711,126.0
2026-08-19 02:41:10.717,126.0
2026-08-19 02:41:10.719,126.0
2026-08-19 02:42:10.717,126.0
2026-08-19 02:42:10.719,126.0
2026-08-19 02:43:10.717,126.0
2026-08-19 02:43:10.719,126.0
2026-08-19 02:44:10.717,126.0
2026-08-19 02:44:10.719,126.0
2026-08-19 02:45:10.717,134.0
2026-08-19 02:45:10.719,134.0
2026-08-19 02:46:10.717,134.0
2026-08-19 02:46:10.719,134.0
2026-08-19 02:47:10.717,134.0
2026-08-19 02:47:10.719,134.0
2026-08-19 02:48:10.717,134.0
2026-08-19 02:48:10.719,134.0
2026-08-19 02:49:10.717,134.0
2026-08-19 02:49:10.719,134.0
2026-08-19 02:50:10.717,134.0
2026-08-19 02:50:10.719,134.0
2026-08-19 02:51:10.730,134.0
2026-08-19 02:51:10.732,134.0
2026-08-19 02:52:10.730,134.0
2026-08-19 02:52:10.732,134.0
2026-08-19 02:53:10.730,134.0
2026-08-19 02:53:10.732,134.0
2026-08-19 02:54:10.730,134.0
2026-08-19 02:54:10.732,134.0
2026-08-19 02:55:10.730,134.0
2026-08-19 02:55:10.732,134.0
2026-08-19 02:56:10.730,134.0
2026-08-19 02:56:10.733,134.0
2026-08-19 02:57:10.730,134.0
2026-08-19 02:57:10.733,134.0
2026-08-19 02:58:10.730,134.0
2026-08-19 02:58:10.733,134.0
2026-08-19 02:59:10.730,134.0
2026-08-19 02:59:10.733,134.0
2026-08-19 03:00:10.730,143.0
2026-08-19 03:00:10.733,143.0
2026-08-19 03:01:10.740,143.0
2026-08-19 03:01:10.743,143.0
2026-08-19 03:02:10.740,143.0
2026-08-19 03:02:10.743,143.0
2026-08-19 03:03:10.740,143.0
2026-08-19 03:03:10.743,143.0
2026-08-19 03:04:10.740,143.0
2026-08-19 03:04:10.743,143.0
2026-08-19 03:05:10.740,143.0
2026-08-19 03:05:10.743,143.0
2026-08-19 03:06:10.740,143.0
2026-08-19 03:06:10.743,143.0
2026-08-19 03:07:10.740,143.0
2026-08-19 03:07:10.743,143.0
2026-08-19 03:08:10.741,143.0
2026-08-19 03:08:10.743,143.0
2026-08-19 03:09:10.741,143.0
2026-08-19 03:09:10.743,143.0
2026-08-19 03:10:10.741,143.0
2026-08-19 03:10:10.744,143.0
2026-08-19 03:11:10.753,143.0
2026-08-19 03:11:10.756,143.0
2026-08-19 03:12:10.753,143.0
2026-08-19 03:12:10.756,143.0
2026-08-19 03:13:10.753,143.0
2026-08-19 03:13:10.756,143.0
2026-08-19 03:14:10.753,143.0
2026-08-19 03:14:10.756,143.0
2026-08-19 03:15:10.753,153.0
2026-08-19 03:15:10.756,153.0
2026-08-19 03:16:10.753,153.0
2026-08-19 03:16:10.756,153.0
2026-08-19 03:17:10.753,153.0
2026-08-19 03:17:10.756,153.0
2026-08-19 03:18:10.753,153.0
2026-08-19 03:18:10.756,153.0
2026-08-19 03:19:10.753,153.0
2026-08-19 03:19:10.756,153.0
2026-08-19 03:20:10.753,153.0
2026-08-19 03:20:10.756,153.0
2026-08-19 03:21:10.762,153.0
2026-08-19 03:21:10.765,153.0
2026-08-19 03:22:10.762,153.0
2026-08-19 03:22:10.765,153.0
2026-08-19 03:23:10.762,153.0
2026-08-19 03:23:10.765,153.0
2026-08-19 03:24:10.762,153.0
2026-08-19 03:24:10.765,153.0
2026-08-19 03:25:10.762,153.0
2026-08-19 03:25:10.765,153.0
2026-08-19 03:26:10.762,153.0
2026-08-19 03:26:10.765,153.0
2026-08-19 03:27:10.763,153.0
2026-08-19 03:27:10.765,153.0
2026-08-19 03:28:10.763,153.0
2026-08-19 03:28:10.766,153.0
2026-08-19 03:29:10.763,153.0
2026-08-19 03:29:10.766,153.0
2026-08-19 03:30:10.763,163.0
2026-08-19 03:30:10.766,163.0
2026-08-19 03:31:10.777,163.0
2026-08-19 03:31:10.780,163.0
2026-08-19 03:32:10.778,163.0
2026-08-19 03:32:10.780,163.0
2026-08-19 03:33:10.778,163.0
2026-08-19 03:33:10.781,163.0
2026-08-19 03:34:10.778,163.0
2026-08-19 03:34:10.781,163.0
2026-08-19 03:35:10.778,163.0
2026-08-19 03:35:10.781,163.0
2026-08-19 03:36:10.778,163.0
2026-08-19 03:36:10.781,163.0
2026-08-19 03:37:10.778,163.0
2026-08-19 03:37:10.781,163.0
2026-08-19 03:38:10.778,163.0
2026-08-19 03:38:10.781,163.0
2026-08-19 03:39:10.778,163.0
2026-08-19 03:39:10.781,163.0
2026-08-19 03:40:10.778,163.0
2026-08-19 03:40:10.781,163.0
2026-08-19 03:41:10.792,163.0
2026-08-19 03:41:10.794,163.0
2026-08-19 03:42:10.792,163.0
2026-08-19 03:42:10.795,163.0
2026-08-19 03:43:10.792,163.0
2026-08-19 03:43:10.795,163.0
2026-08-19 03:44:10.792,163.0
2026-08-19 03:44:10.795,163.0
2026-08-19 03:45:10.792,168.0
2026-08-19 03:45:10.795,168.0
2026-08-19 03:46:10.792,168.0
2026-08-19 03:46:10.795,168.0
2026-08-19 03:47:10.792,168.0
2026-08-19 03:47:10.795,168.0
2026-08-19 03:48:10.792,168.0
2026-08-19 03:48:10.795,168.0
2026-08-19 03:49:10.792,168.0
2026-08-19 03:49:10.795,168.0
2026-08-19 03:50:10.792,168.0
2026-08-19 03:50:10.795,168.0
2026-08-19 03:51:10.804,168.0
2026-08-19 03:51:10.807,168.0
2026-08-19 03:52:10.804,168.0
2026-08-19 03:52:10.807,168.0
2026-08-19 03:53:10.805,168.0
2026-08-19 03:53:10.807,168.0
2026-08-19 03:54:10.805,168.0
2026-08-19 03:54:10.807,168.0
2026-08-19 03:55:10.805,168.0
2026-08-19 03:55:10.808,168.0
2026-08-19 03:56:10.805,168.0
2026-08-19 03:56:10.808,168.0
2026-08-19 03:57:10.805,168.0
2026-08-19 03:57:10.808,168.0
2026-08-19 03:58:10.805,168.0
2026-08-19 03:58:10.808,168.0
2026-08-19 03:59:10.805,168.0
2026-08-19 03:59:10.808,168.0
2026-08-19 04:00:10.805,168.0
2026-08-19 04:00:10.808,176.0
2026-08-19 04:01:10.817,176.0
2026-08-19 04:01:10.820,176.0
2026-08-19 04:02:10.817,176.0
2026-08-19 04:02:10.820,176.0
2026-08-19 04:03:10.817,176.0
2026-08-19 04:03:10.820,176.0
2026-08-19 04:04:10.817,176.0
2026-08-19 04:04:10.820,176.0
2026-08-19 04:05:10.817,176.0
2026-08-19 04:05:10.820,176.0
2026-08-19 04:06:10.817,176.0
2026-08-19 04:06:10.820,176.0
2026-08-19 04:07:10.817,176.0
2026-08-19 04:07:10.820,176.0
2026-08-19 04:08:10.817,176.0
2026-08-19 04:08:10.820,176.0
2026-08-19 04:09:10.818,176.0
2026-08-19 04:09:10.820,176.0
2026-08-19 04:10:10.818,176.0
2026-08-19 04:10:10.820,176.0
2026-08-19 04:11:10.829,176.0
2026-08-19 04:11:10.831,176.0
2026-08-19 04:12:10.829,176.0
2026-08-19 04:12:10.831,176.0
2026-08-19 04:13:10.829,176.0
2026-08-19 04:13:10.832,176.0
2026-08-19 04:14:10.829,176.0
2026-08-19 04:14:10.832,176.0
2026-08-19 04:15:10.829,176.0
2026-08-19 04:15:10.832,186.0
2026-08-19 04:16:10.829,186.0
2026-08-19 04:16:10.832,186.0
2026-08-19 04:17:10.829,186.0
2026-08-19 04:17:10.832,186.0
2026-08-19 04:18:10.829,186.0
2026-08-19 04:18:10.832,186.0
2026-08-19 04:19:10.829,186.0
2026-08-19 04:19:10.832,186.0
2026-08-19 04:20:10.829,186.0
2026-08-19 04:20:10.832,186.0
2026-08-19 04:21:10.841,186.0
2026-08-19 04:21:10.843,186.0
2026-08-19 04:22:10.841,186.0
2026-08-19 04:22:10.843,186.0
2026-08-19 04:23:10.841,186.0
2026-08-19 04:23:10.843,186.0
2026-08-19 04:24:10.841,186.0
2026-08-19 04:24:10.844,186.0
2026-08-19 04:25:10.841,186.0
2026-08-19 04:25:10.844,186.0
2026-08-19 04:26:10.841,186.0
2026-08-19 04:26:10.844,186.0
2026-08-19 04:27:10.841,186.0
2026-08-19 04:27:10.844,186.0
2026-08-19 04:28:10.841,186.0
2026-08-19 04:28:10.844,186.0
2026-08-19 04:29:10.841,186.0
2026-08-19 04:29:10.844,186.0
2026-08-19 04:30:10.841,186.0
2026-08-19 04:30:10.844,199.0
2026-08-19 04:31:10.854,199.0
2026-08-19 04:31:10.857,199.0
2026-08-19 04:32:10.854,199.0
2026-08-19 04:32:10.857,199.0
2026-08-19 04:33:10.854,199.0
2026-08-19 04:33:10.857,199.0
2026-08-19 04:34:10.854,199.0
2026-08-19 04:34:10.857,199.0
2026-08-19 04:35:10.855,199.0
2026-08-19 04:35:10.857,199.0
2026-08-19 04:36:10.855,199.0
2026-08-19 04:36:10.857,199.0
2026-08-19 04:37:10.855,199.0
2026-08-19 04:37:10.858,199.0
2026-08-19 04:38:10.855,199.0
2026-08-19 04:38:10.858,199.0
2026-08-19 04:39:10.855,199.0
2026-08-19 04:39:10.858,199.0
2026-08-19 04:40:10.863,199.0
2026-08-19 04:40:10.866,199.0
2026-08-19 04:41:10.863,199.0
2026-08-19 04:41:10.866,199.0
2026-08-19 04:42:10.863,199.0
2026-08-19 04:42:10.866,199.0
2026-08-19 04:43:10.864,199.0
2026-08-19 04:43:10.866,199.0
2026-08-19 04:44:10.864,199.0
2026-08-19 04:44:10.866,199.0
2026-08-19 04:45:10.864,199.0
2026-08-19 04:45:10.866,202.0
2026-08-19 04:46:10.864,202.0
2026-08-19 04:46:10.866,202.0
2026-08-19 04:47:10.864,202.0
2026-08-19 04:47:10.866,202.0
2026-08-19 04:48:10.864,202.0
2026-08-19 04:48:10.866,202.0
2026-08-19 04:49:10.864,202.0
2026-08-19 04:49:10.867,202.0
2026-08-19 04:50:10.864,202.0
2026-08-19 04:50:10.867,202.0
2026-08-19 04:51:10.877,202.0
2026-08-19 04:51:10.880,202.0
2026-08-19 04:52:10.877,202.0
2026-08-19 04:52:10.880,202.0
2026-08-19 04:53:10.877,202.0
2026-08-19 04:53:10.880,202.0
2026-08-19 04:54:10.877,202.0
2026-08-19 04:54:10.880,202.0
2026-08-19 04:55:10.877,202.0
2026-08-19 04:55:10.880,202.0
2026-08-19 04:56:10.877,202.0
2026-08-19 04:56:10.880,202.0
2026-08-19 04:57:10.878,202.0
2026-08-19 04:57:10.880,202.0
2026-08-19 04:58:10.878,202.0
2026-08-19 04:58:10.880,202.0
2026-08-19 04:59:10.878,202.0
2026-08-19 04:59:10.880,202.0
2026-08-19 05:00:10.878,202.0
2026-08-19 05:00:10.880,202.0
2026-08-19 05:01:10.890,211.0
2026-08-19 05:01:10.893,211.0
2026-08-19 05:02:10.890,211.0
2026-08-19 05:02:10.893,211.0
2026-08-19 05:03:10.890,211.0
2026-08-19 05:03:10.893,211.0
2026-08-19 05:04:10.890,211.0
2026-08-19 05:04:10.893,211.0
2026-08-19 05:05:10.891,211.0
2026-08-19 05:05:10.893,211.0
2026-08-19 05:06:10.891,211.0
2026-08-19 05:06:10.893,211.0
2026-08-19 05:07:10.891,211.0
2026-08-19 05:07:10.893,211.0
2026-08-19 05:08:10.891,211.0
2026-08-19 05:08:10.893,211.0
2026-08-19 05:09:10.891,211.0
2026-08-19 05:09:10.893,211.0
2026-08-19 05:10:10.891,211.0
2026-08-19 05:10:10.894,211.0
2026-08-19 05:11:10.904,211.0
2026-08-19 05:11:10.906,211.0
2026-08-19 05:12:10.904,211.0
2026-08-19 05:12:10.907,211.0
2026-08-19 05:13:10.904,211.0
2026-08-19 05:13:10.907,211.0
2026-08-19 05:14:10.904,211.0
2026-08-19 05:14:10.907,211.0
2026-08-19 05:15:10.904,216.0
2026-08-19 05:15:10.907,216.0
2026-08-19 05:16:10.904,216.0
2026-08-19 05:16:10.907,216.0
2026-08-19 05:17:10.904,216.0
2026-08-19 05:17:10.907,216.0
2026-08-19 05:18:10.905,216.0
2026-08-19 05:18:10.907,216.0
2026-08-19 05:19:10.905,216.0
2026-08-19 05:19:10.907,216.0
2026-08-19 05:20:10.905,216.0
2026-08-19 05:20:10.907,216.0
2026-08-19 05:21:10.915,216.0
2026-08-19 05:21:10.917,216.0
2026-08-19 05:22:10.915,216.0
2026-08-19 05:22:10.917,216.0
2026-08-19 05:23:10.915,216.0
2026-08-19 05:23:10.917,216.0
2026-08-19 05:24:10.916,216.0
2026-08-19 05:24:10.917,216.0
2026-08-19 05:25:10.916,216.0
2026-08-19 05:25:10.917,216.0
2026-08-19 05:26:10.916,216.0
2026-08-19 05:26:10.917,216.0
2026-08-19 05:27:10.916,216.0
2026-08-19 05:27:10.918,216.0
2026-08-19 05:28:10.916,216.0
2026-08-19 05:28:10.918,216.0
2026-08-19 05:29:10.916,216.0
2026-08-19 05:29:10.918,216.0
2026-08-19 05:30:10.926,223.0
2026-08-19 05:30:10.928,223.0
2026-08-19 05:31:10.926,223.0
2026-08-19 05:31:10.928,223.0
2026-08-19 05:32:10.927,223.0
2026-08-19 05:32:10.928,223.0
2026-08-19 05:33:10.927,223.0
2026-08-19 05:33:10.928,223.0
2026-08-19 05:34:10.927,223.0
2026-08-19 05:34:10.928,223.0
2026-08-19 05:35:10.927,223.0
2026-08-19 05:35:10.929,223.0
2026-08-19 05:36:10.927,223.0
2026-08-19 05:36:10.929,223.0
2026-08-19 05:37:10.927,223.0
2026-08-19 05:37:10.929,223.0
2026-08-19 05:38:10.927,223.0
2026-08-19 05:38:10.929,223.0
2026-08-19 05:39:10.927,223.0
2026-08-19 05:39:10.929,223.0
2026-08-19 05:40:10.927,223.0
2026-08-19 05:40:10.929,223.0
2026-08-19 05:41:10.942,223.0
2026-08-19 05:41:10.944,223.0
2026-08-19 05:42:10.942,223.0
2026-08-19 05:42:10.944,223.0
2026-08-19 05:43:10.942,223.0
2026-08-19 05:43:10.944,223.0
2026-08-19 05:44:10.942,223.0
2026-08-19 05:44:10.944,223.0
2026-08-19 05:45:10.942,227.0
2026-08-19 05:45:10.944,227.0
2026-08-19 05:46:10.943,227.0
2026-08-19 05:46:10.944,227.0
2026-08-19 05:47:10.943,227.0
2026-08-19 05:47:10.944,227.0
2026-08-19 05:48:10.943,227.0
2026-08-19 05:48:10.944,227.0
2026-08-19 05:49:10.943,227.0
2026-08-19 05:49:10.944,227.0
2026-08-19 05:50:10.943,227.0
2026-08-19 05:50:10.945,227.0
2026-08-19 05:51:10.953,227.0
2026-08-19 05:51:10.955,227.0
2026-08-19 05:52:10.954,227.0
2026-08-19 05:52:10.955,227.0
2026-08-19 05:53:10.954,227.0
2026-08-19 05:53:10.955,227.0
2026-08-19 05:54:10.954,227.0
2026-08-19 05:54:10.955,227.0
2026-08-19 05:55:10.954,227.0
2026-08-19 05:55:10.955,227.0
2026-08-19 05:56:10.954,227.0
2026-08-19 05:56:10.955,227.0
2026-08-19 05:57:10.954,227.0
2026-08-19 05:57:10.955,227.0
2026-08-19 05:58:10.954,227.0
2026-08-19 05:58:10.955,227.0
2026-08-19 05:59:10.954,227.0
2026-08-19 05:59:10.956,227.0
2026-08-19 06:00:10.967,233.0
2026-08-19 06:00:10.969,233.0
2026-08-19 06:01:10.967,233.0
2026-08-19 06:01:10.969,233.0
2026-08-19 06:02:10.967,233.0
2026-08-19 06:02:10.969,233.0
2026-08-19 06:03:10.968,233.0
2026-08-19 06:03:10.969,233.0
2026-08-19 06:04:10.968,233.0
2026-08-19 06:04:10.969,233.0
2026-08-19 06:05:10.968,233.0
2026-08-19 06:05:10.969,233.0
2026-08-19 06:06:10.968,233.0
2026-08-19 06:06:10.969,233.0
2026-08-19 06:07:10.968,233.0
2026-08-19 06:07:10.969,233.0
2026-08-19 06:08:10.968,233.0
2026-08-19 06:08:10.969,233.0
2026-08-19 06:09:10.968,233.0
2026-08-19 06:09:10.969,233.0
2026-08-19 06:10:10.969,233.0
2026-08-19 06:11:10.980,233.0
2026-08-19 06:11:10.981,233.0
2026-08-19 06:12:10.980,233.0
2026-08-19 06:12:10.981,233.0
2026-08-19 06:13:10.980,233.0
2026-08-19 06:13:10.981,233.0
2026-08-19 06:14:10.980,233.0
2026-08-19 06:14:10.981,233.0
2026-08-19 06:15:10.980,234.0
2026-08-19 06:15:10.981,234.0
2026-08-19 06:16:10.980,234.0
2026-08-19 06:16:10.981,234.0
2026-08-19 06:17:10.980,234.0
2026-08-19 06:17:10.981,234.0
2026-08-19 06:18:10.980,234.0
2026-08-19 06:18:10.981,234.0
2026-08-19 06:19:10.980,234.0
2026-08-19 06:19:10.981,234.0
2026-08-19 06:20:10.980,234.0
2026-08-19 06:20:10.981,234.0
2026-08-19 06:21:10.991,234.0
2026-08-19 06:21:10.992,234.0
2026-08-19 06:22:10.992,234.0
2026-08-19 06:23:10.992,234.0
2026-08-19 06:24:10.992,234.0
2026-08-19 06:24:10.993,234.0
2026-08-19 06:25:10.992,234.0
2026-08-19 06:25:10.993,234.0
2026-08-19 06:26:10.992,234.0
2026-08-19 06:26:10.993,234.0
2026-08-19 06:27:10.992,234.0
2026-08-19 06:27:10.993,234.0
2026-08-19 06:28:10.993,234.0
2026-08-19 06:29:10.993,234.0
2026-08-19 06:30:10.993,238.0
2026-08-19 06:31:11.006,238.0
2026-08-19 06:32:11.006,238.0
2026-08-19 06:33:11.006,238.0
2026-08-19 06:34:11.006,238.0
2026-08-19 06:35:11.006,238.0
2026-08-19 06:36:11.007,238.0
2026-08-19 06:37:11.007,238.0
2026-08-19 06:38:11.007,238.0
2026-08-19 06:39:11.007,238.0
2026-08-19 06:40:11.007,238.0
2026-08-19 06:40:11.008,238.0
2026-08-19 06:41:11.018,238.0
2026-08-19 06:42:11.018,238.0
2026-08-19 06:43:11.018,238.0
2026-08-19 06:44:11.018,238.0
2026-08-19 06:45:11.018,264.0
2026-08-19 06:45:11.019,264.0
2026-08-19 06:46:11.018,264.0
2026-08-19 06:46:11.019,264.0
2026-08-19 06:47:11.018,264.0
2026-08-19 06:47:11.019,264.0
2026-08-19 06:48:11.018,264.0
2026-08-19 06:48:11.019,264.0
2026-08-19 06:49:11.019,264.0
2026-08-19 06:50:11.031,264.0
2026-08-19 06:51:11.031,264.0
2026-08-19 06:52:11.031,264.0
2026-08-19 06:52:11.032,264.0
2026-08-19 06:53:11.032,264.0
2026-08-19 06:54:11.032,264.0
2026-08-19 06:55:11.032,264.0
2026-08-19 06:56:11.032,264.0
2026-08-19 06:57:11.032,264.0
2026-08-19 06:58:11.032,264.0
2026-08-19 06:59:11.032,264.0
2026-08-19 07:00:11.032,266.0
2026-08-19 07:01:11.046,266.0
2026-08-19 07:02:11.046,266.0
2026-08-19 07:03:11.046,266.0
2026-08-19 07:04:11.046,266.0
2026-08-19 07:05:11.046,266.0
2026-08-19 07:06:11.046,266.0
2026-08-19 07:07:11.046,266.0
2026-08-19 07:08:11.046,266.0
2026-08-19 07:09:11.046,266.0
2026-08-19 07:09:11.047,266.0
2026-08-19 07:10:11.047,266.0
2026-08-19 07:11:11.059,266.0
2026-08-19 07:11:11.060,266.0
2026-08-19 07:12:11.059,266.0
2026-08-19 07:12:11.060,266.0
2026-08-19 07:13:11.059,266.0
2026-08-19 07:13:11.060,266.0
2026-08-19 07:14:11.059,266.0
2026-08-19 07:14:11.060,266.0
2026-08-19 07:15:11.059,273.0
2026-08-19 07:15:11.060,273.0
2026-08-19 07:16:11.060,273.0
2026-08-19 07:17:11.060,273.0
2026-08-19 07:18:11.060,273.0
2026-08-19 07:19:11.060,273.0
2026-08-19 07:19:11.061,273.0
2026-08-19 07:20:11.060,273.0
2026-08-19 07:20:11.061,273.0
2026-08-19 07:21:11.071,273.0
2026-08-19 07:22:11.071,273.0
2026-08-19 07:23:11.071,273.0
2026-08-19 07:24:11.071,273.0
2026-08-19 07:24:11.072,273.0
2026-08-19 07:25:11.071,273.0
2026-08-19 07:25:11.072,273.0
2026-08-19 07:26:11.072,273.0
2026-08-19 07:27:11.072,273.0
2026-08-19 07:28:11.072,273.0
2026-08-19 07:29:11.072,273.0
2026-08-19 07:30:11.072,280.0
2026-08-19 07:31:11.084,280.0
2026-08-19 07:31:11.085,280.0
2026-08-19 07:32:11.085,280.0
2026-08-19 07:33:11.085,280.0
2026-08-19 07:34:11.085,280.0
2026-08-19 07:35:11.085,280.0
2026-08-19 07:36:11.085,280.0
2026-08-19 07:37:11.085,280.0
2026-08-19 07:38:11.085,280.0
2026-08-19 07:39:11.085,280.0
2026-08-19 07:39:11.086,280.0
2026-08-19 07:40:11.098,280.0
2026-08-19 07:42:11.098,280.0
2026-08-19 07:43:11.098,280.0
2026-08-19 07:43:11.099,280.0
2026-08-19 07:44:11.099,286.0
2026-08-19 07:45:11.099,286.0
2026-08-19 07:46:11.099,286.0
2026-08-19 07:47:11.099,286.0
2026-08-19 07:47:11.100,286.0
2026-08-19 07:48:11.099,286.0
2026-08-19 07:48:11.100,286.0
2026-08-19 07:49:11.099,286.0
2026-08-19 07:49:11.100,286.0
2026-08-19 07:50:11.099,286.0
2026-08-19 07:50:11.100,286.0
2026-08-19 07:51:11.108,286.0
2026-08-19 07:52:11.108,286.0
2026-08-19 07:53:11.109,286.0
2026-08-19 07:54:11.109,286.0
2026-08-19 07:55:11.109,286.0
2026-08-19 07:56:11.109,286.0
2026-08-19 07:57:11.109,286.0
2026-08-19 07:58:11.109,286.0
2026-08-19 07:59:11.109,296.0
2026-08-19 08:00:11.109,296.0
2026-08-19 08:01:11.124,296.0
2026-08-19 08:02:11.124,296.0
2026-08-19 08:03:11.124,296.0
2026-08-19 08:04:11.124,296.0
2026-08-19 08:05:11.124,296.0
2026-08-19 08:06:11.124,296.0
2026-08-19 08:07:11.124,296.0
2026-08-19 08:07:11.125,296.0
2026-08-19 08:08:11.124,296.0
2026-08-19 08:08:11.125,296.0
2026-08-19 08:09:11.124,296.0
2026-08-19 08:09:11.125,296.0
2026-08-19 08:10:11.124,296.0
2026-08-19 08:10:11.125,296.0
2026-08-19 08:11:11.137,296.0
2026-08-19 08:12:11.137,296.0
2026-08-19 08:13:11.137,296.0
2026-08-19 08:13:11.138,296.0
2026-08-19 08:14:11.137,307.0
2026-08-19 08:14:11.138,307.0
2026-08-19 08:15:11.137,307.0
2026-08-19 08:15:11.138,307.0
2026-08-19 08:16:11.137,307.0
2026-08-19 08:16:11.138,307.0
2026-08-19 08:17:11.137,307.0
2026-08-19 08:17:11.138,307.0
2026-08-19 08:18:11.138,307.0
2026-08-19 08:19:11.138,307.0
2026-08-19 08:20:11.138,307.0
2026-08-19 08:21:11.149,307.0
2026-08-19 08:21:11.150,307.0
2026-08-19 08:22:11.150,307.0
2026-08-19 08:23:11.150,307.0
2026-08-19 08:24:11.150,307.0
2026-08-19 08:25:11.150,307.0
2026-08-19 08:26:11.150,307.0
2026-08-19 08:27:11.150,307.0
2026-08-19 08:28:11.150,307.0
2026-08-19 08:29:11.150,363.0
2026-08-19 08:30:11.150,363.0
2026-08-19 08:31:11.163,363.0
2026-08-19 08:32:11.163,363.0
2026-08-19 08:33:11.163,363.0
2026-08-19 08:33:11.164,363.0
2026-08-19 08:34:11.163,363.0
2026-08-19 08:34:11.164,363.0
2026-08-19 08:35:11.163,363.0
2026-08-19 08:35:11.164,363.0
2026-08-19 08:36:11.164,363.0
2026-08-19 08:37:11.164,363.0
2026-08-19 08:38:11.164,363.0
2026-08-19 08:39:11.164,363.0
2026-08-19 08:40:11.164,363.0
2026-08-19 08:41:11.173,363.0
2026-08-19 08:41:11.174,363.0
2026-08-19 08:42:11.174,363.0
2026-08-19 08:43:11.174,363.0
2026-08-19 08:44:11.174,436.0
2026-08-19 08:45:11.174,436.0
2026-08-19 08:46:11.174,436.0
2026-08-19 08:47:11.174,436.0
2026-08-19 08:47:11.175,436.0
2026-08-19 08:48:11.174,436.0
2026-08-19 08:48:11.175,436.0
2026-08-19 08:49:11.174,436.0
2026-08-19 08:49:11.175,436.0
2026-08-19 08:50:11.174,436.0
2026-08-19 08:50:11.175,436.0
2026-08-19 08:51:11.189,436.0
2026-08-19 08:52:11.189,436.0
2026-08-19 08:53:11.189,436.0
2026-08-19 08:54:11.189,436.0
2026-08-19 08:55:11.189,436.0
2026-08-19 08:56:11.189,436.0
2026-08-19 08:57:11.189,436.0
2026-08-19 08:58:11.189,436.0
2026-08-19 08:59:11.189,542.0
2026-08-19 08:59:11.190,542.0
2026-08-19 09:00:11.189,542.0
2026-08-19 09:00:11.190,542.0
2026-08-19 09:01:11.200,542.0
2026-08-19 09:02:11.200,542.0
2026-08-19 09:03:11.200,542.0
2026-08-19 09:04:11.200,542.0
2026-08-19 09:05:11.200,542.0
2026-08-19 09:06:11.200,542.0
2026-08-19 09:07:11.200,542.0
2026-08-19 09:08:11.200,542.0
2026-08-19 09:08:11.201,542.0
2026-08-19 09:09:11.200,542.0
2026-08-19 09:09:11.201,542.0
2026-08-19 09:10:11.200,542.0
2026-08-19 09:10:11.201,542.0
2026-08-19 09:11:11.212,542.0
2026-08-19 09:12:11.212,542.0
2026-08-19 09:13:11.212,542.0
2026-08-19 09:14:11.212,555.0
2026-08-19 09:15:11.212,555.0
2026-08-19 09:16:11.212,555.0
2026-08-19 09:17:11.212,555.0
2026-08-19 09:18:11.212,555.0
2026-08-19 09:19:11.213,555.0
2026-08-19 09:20:11.213,555.0
2026-08-19 09:21:11.226,555.0
2026-08-19 09:22:11.226,555.0
2026-08-19 09:23:11.226,555.0
2026-08-19 09:24:11.226,555.0
2026-08-19 09:25:11.226,555.0
2026-08-19 09:26:11.226,555.0
2026-08-19 09:27:11.226,555.0
2026-08-19 09:28:11.226,555.0
2026-08-19 09:29:11.226,564.0
2026-08-19 09:30:11.227,564.0
2026-08-19 09:31:11.238,564.0
2026-08-19 09:31:11.239,564.0
2026-08-19 09:32:11.238,564.0
2026-08-19 09:32:11.239,564.0
2026-08-19 09:33:11.238,564.0
2026-08-19 09:33:11.239,564.0
2026-08-19 09:34:11.239,564.0
2026-08-19 09:35:11.239,564.0
2026-08-19 09:36:11.239,564.0
2026-08-19 09:37:11.239,564.0
2026-08-19 09:38:11.239,564.0
2026-08-19 09:39:11.240,564.0
2026-08-19 09:40:11.240,564.0
2026-08-19 09:41:11.252,564.0
2026-08-19 09:42:11.252,564.0
2026-08-19 09:43:11.253,564.0
2026-08-19 09:44:11.253,591.0
2026-08-19 09:45:11.253,591.0
2026-08-19 09:46:11.253,591.0
2026-08-19 09:47:11.253,591.0
2026-08-19 09:48:11.253,591.0
2026-08-19 09:48:11.254,591.0
2026-08-19 09:49:11.253,591.0
2026-08-19 09:49:11.254,591.0
2026-08-19 09:50:11.253,591.0
2026-08-19 09:50:11.254,591.0
2026-08-19 09:51:11.264,591.0
2026-08-19 09:52:11.264,591.0
2026-08-19 09:53:11.264,591.0
2026-08-19 09:53:11.265,591.0
2026-08-19 09:54:11.265,591.0
2026-08-19 09:55:11.265,591.0
2026-08-19 09:56:11.265,591.0
2026-08-19 09:57:11.265,591.0
2026-08-19 09:58:11.265,591.0
2026-08-19 09:59:11.265,615.0
2026-08-19 10:00:11.265,615.0
2026-08-19 10:00:11.266,615.0
2026-08-19 10:01:11.276,615.0
2026-08-19 10:01:11.277,615.0
2026-08-19 10:02:11.276,615.0
2026-08-19 10:02:11.277,615.0
2026-08-19 10:03:11.277,615.0
2026-08-19 10:04:11.277,615.0
2026-08-19 10:05:11.277,615.0
2026-08-19 10:06:11.277,615.0
2026-08-19 10:06:11.278,615.0
2026-08-19 10:07:11.278,615.0
2026-08-19 10:08:11.278,615.0
2026-08-19 10:09:11.278,615.0
2026-08-19 10:10:11.278,615.0
2026-08-19 10:11:11.290,615.0
2026-08-19 10:11:11.291,615.0
2026-08-19 10:12:11.290,615.0
2026-08-19 10:12:11.291,615.0
2026-08-19 10:13:11.290,10.0
2026-08-19 10:13:11.291,10.0
2026-08-19 10:14:11.291,10.0
2026-08-19 10:15:11.291,10.0
2026-08-19 10:16:11.291,10.0
2026-08-19 10:17:11.291,10.0
2026-08-19 10:18:11.291,10.0
2026-08-19 10:19:11.291,10.0
2026-08-19 10:20:11.291,10.0
2026-08-19 10:21:11.304,10.0
2026-08-19 10:22:11.304,10.0
2026-08-19 10:22:11.305,10.0
2026-08-19 10:23:11.305,10.0
2026-08-19 10:24:11.305,10.0
2026-08-19 10:25:11.305,10.0
2026-08-19 10:26:11.305,10.0
2026-08-19 10:27:11.305,10.0
2026-08-19 10:28:11.305,28.0
2026-08-19 10:29:11.305,28.0
2026-08-19 10:30:11.305,28.0
2026-08-19 10:31:11.318,28.0
2026-08-19 10:32:11.318,28.0
2026-08-19 10:33:11.318,28.0
2026-08-19 10:34:11.318,28.0
2026-08-19 10:34:11.319,28.0
2026-08-19 10:35:11.318,28.0
2026-08-19 10:35:11.319,28.0
2026-08-19 10:36:11.319,28.0
2026-08-19 10:37:11.319,28.0
2026-08-19 10:38:11.319,28.0
2026-08-19 10:39:11.319,28.0
2026-08-19 10:40:11.319,28.0
2026-08-19 10:40:11.320,28.0
2026-08-19 10:41:11.330,28.0
2026-08-19 10:41:11.331,28.0
2026-08-19 10:42:11.331,28.0
2026-08-19 10:43:11.331,36.0
2026-08-19 10:44:11.331,36.0
2026-08-19 10:44:11.332,36.0
2026-08-19 10:45:11.331,36.0
2026-08-19 10:45:11.332,36.0
2026-08-19 10:46:11.331,36.0
2026-08-19 10:46:11.332,36.0
2026-08-19 10:47:11.331,36.0
2026-08-19 10:47:11.332,36.0
2026-08-19 10:48:11.331,36.0
2026-08-19 10:48:11.332,36.0
2026-08-19 10:49:11.332,36.0
2026-08-19 10:49:11.333,36.0
2026-08-19 10:50:11.332,36.0
2026-08-19 10:50:11.333,36.0
2026-08-19 10:51:11.339,36.0
2026-08-19 10:51:11.340,36.0
2026-08-19 10:52:11.339,36.0
2026-08-19 10:52:11.340,36.0
2026-08-19 10:53:11.339,36.0
2026-08-19 10:53:11.340,36.0
2026-08-19 10:54:11.339,36.0
2026-08-19 10:54:11.341,36.0
2026-08-19 10:55:11.339,36.0
2026-08-19 10:55:11.341,36.0
2026-08-19 10:56:11.340,36.0
2026-08-19 10:56:11.341,36.0
2026-08-19 10:57:11.340,36.0
2026-08-19 10:57:11.341,36.0
2026-08-19 10:58:11.340,47.0
2026-08-19 10:58:11.341,47.0
2026-08-19 10:59:11.340,47.0
2026-08-19 10:59:11.341,47.0
2026-08-19 11:00:11.340,47.0
2026-08-19 11:00:11.341,47.0
2026-08-19 11:01:11.356,47.0
2026-08-19 11:01:11.357,47.0
2026-08-19 11:02:11.356,47.0
2026-08-19 11:02:11.357,47.0
2026-08-19 11:03:11.356,47.0
2026-08-19 11:03:11.357,47.0
2026-08-19 11:04:11.356,47.0
2026-08-19 11:04:11.357,47.0
2026-08-19 11:05:11.356,47.0
2026-08-19 11:05:11.357,47.0
2026-08-19 11:06:11.356,47.0
2026-08-19 11:06:11.357,47.0
2026-08-19 11:07:11.356,47.0
2026-08-19 11:07:11.357,47.0
2026-08-19 11:08:11.356,47.0
2026-08-19 11:08:11.357,47.0
2026-08-19 11:09:11.357,47.0
2026-08-19 11:10:11.357,47.0
2026-08-19 11:10:11.358,47.0
2026-08-19 11:11:11.368,47.0
2026-08-19 11:11:11.369,47.0
2026-08-19 11:12:11.368,47.0
2026-08-19 11:12:11.369,47.0
2026-08-19 11:13:11.368,51.0
2026-08-19 11:13:11.369,51.0
2026-08-19 11:14:11.368,51.0
2026-08-19 11:14:11.369,51.0
2026-08-19 11:15:11.368,51.0
2026-08-19 11:15:11.369,51.0
2026-08-19 11:16:11.368,51.0
2026-08-19 11:16:11.369,51.0
2026-08-19 11:17:11.368,51.0
2026-08-19 11:17:11.369,51.0
2026-08-19 11:18:11.368,51.0
2026-08-19 11:18:11.369,51.0
2026-08-19 11:19:11.369,51.0
2026-08-19 11:19:11.370,51.0
2026-08-19 11:20:11.369,51.0
2026-08-19 11:20:11.370,51.0
2026-08-19 11:21:11.378,51.0
2026-08-19 11:21:11.379,51.0
2026-08-19 11:22:11.378,51.0
2026-08-19 11:22:11.379,51.0
2026-08-19 11:23:11.378,51.0
2026-08-19 11:23:11.379,51.0
2026-08-19 11:24:11.378,51.0
2026-08-19 11:24:11.379,51.0
2026-08-19 11:25:11.379,51.0
2026-08-19 11:26:11.379,51.0
2026-08-19 11:27:11.379,51.0
2026-08-19 11:27:11.380,51.0
2026-08-19 11:28:11.379,61.0
2026-08-19 11:28:11.380,61.0
2026-08-19 11:29:11.379,61.0
2026-08-19 11:29:11.380,61.0
2026-08-19 11:30:11.395,61.0
2026-08-19 11:30:11.396,61.0
2026-08-19 11:31:11.395,61.0
2026-08-19 11:31:11.396,61.0
2026-08-19 11:32:11.395,61.0
2026-08-19 11:32:11.396,61.0
2026-08-19 11:33:11.396,61.0
2026-08-19 11:34:11.396,61.0
2026-08-19 11:35:11.396,61.0
2026-08-19 11:35:11.397,61.0
2026-08-19 11:36:11.397,61.0
2026-08-19 11:37:11.397,61.0
2026-08-19 11:38:11.397,61.0
2026-08-19 11:38:11.398,61.0
2026-08-19 11:39:11.398,61.0
2026-08-19 11:40:11.398,61.0
2026-08-19 11:41:11.410,61.0
2026-08-19 11:42:11.410,61.0
2026-08-19 11:43:11.410,66.0
2026-08-19 11:44:11.410,66.0
2026-08-19 11:45:11.410,66.0
2026-08-19 11:46:11.410,66.0
2026-08-19 11:47:11.410,66.0
2026-08-19 11:47:11.411,66.0
2026-08-19 11:48:11.410,66.0
2026-08-19 11:48:11.411,66.0
2026-08-19 11:49:11.411,66.0
2026-08-19 11:50:11.411,66.0
2026-08-19 11:51:11.421,66.0
2026-08-19 11:52:11.421,66.0
2026-08-19 11:53:11.421,66.0
2026-08-19 11:54:11.421,66.0
2026-08-19 11:55:11.421,66.0
2026-08-19 11:55:11.422,66.0
2026-08-19 11:56:11.421,66.0
2026-08-19 11:56:11.422,66.0
2026-08-19 11:57:11.421,66.0
2026-08-19 11:57:11.422,66.0
2026-08-19 11:58:11.421,72.0
2026-08-19 11:58:11.422,72.0
2026-08-19 11:59:11.421,72.0
2026-08-19 11:59:11.422,72.0
2026-08-19 12:00:11.422,72.0
2026-08-19 12:01:11.436,72.0
2026-08-19 12:01:11.437,72.0
2026-08-19 12:02:11.436,72.0
2026-08-19 12:02:11.437,72.0
2026-08-19 12:03:11.436,72.0
2026-08-19 12:03:11.437,72.0
2026-08-19 12:04:11.436,72.0
2026-08-19 12:04:11.437,72.0
2026-08-19 12:05:11.436,72.0
2026-08-19 12:05:11.437,72.0
2026-08-19 12:06:11.436,72.0
2026-08-19 12:06:11.437,72.0
2026-08-19 12:07:11.437,72.0
2026-08-19 12:08:11.437,72.0
2026-08-19 12:09:11.437,72.0
2026-08-19 12:10:11.437,72.0
2026-08-19 12:11:11.447,72.0
2026-08-19 12:11:11.448,72.0
2026-08-19 12:12:11.447,72.0
2026-08-19 12:12:11.448,72.0
2026-08-19 12:13:11.448,81.0
2026-08-19 12:14:11.448,81.0
2026-08-19 12:15:11.448,81.0
2026-08-19 12:15:11.449,81.0
2026-08-19 12:16:11.448,81.0
2026-08-19 12:16:11.449,81.0
2026-08-19 12:17:11.448,81.0
2026-08-19 12:17:11.449,81.0
2026-08-19 12:18:11.448,81.0
2026-08-19 12:18:11.449,81.0
2026-08-19 12:19:11.448,81.0
2026-08-19 12:19:11.449,81.0
2026-08-19 12:20:11.461,81.0
2026-08-19 12:21:11.461,81.0
2026-08-19 12:22:11.461,81.0
2026-08-19 12:23:11.461,81.0
2026-08-19 12:23:11.462,81.0
2026-08-19 12:24:11.461,81.0
2026-08-19 12:24:11.462,81.0
2026-08-19 12:25:11.461,81.0
2026-08-19 12:25:11.462,81.0
2026-08-19 12:26:11.461,81.0
2026-08-19 12:26:11.462,81.0
2026-08-19 12:27:11.461,81.0
2026-08-19 12:27:11.462,81.0
2026-08-19 12:28:11.462,90.0
2026-08-19 12:29:11.462,90.0
2026-08-19 12:30:11.462,90.0
2026-08-19 12:31:11.473,90.0
2026-08-19 12:32:11.473,90.0
2026-08-19 12:32:11.474,90.0
2026-08-19 12:33:11.473,90.0
2026-08-19 12:33:11.474,90.0
2026-08-19 12:34:11.473,90.0
2026-08-19 12:34:11.474,90.0
2026-08-19 12:35:11.473,90.0
2026-08-19 12:35:11.474,90.0
2026-08-19 12:36:11.473,90.0
2026-08-19 12:36:11.474,90.0
2026-08-19 12:37:11.473,90.0
2026-08-19 12:37:11.474,90.0
2026-08-19 12:38:11.474,90.0
2026-08-19 12:39:11.474,90.0
2026-08-19 12:40:11.474,90.0
2026-08-19 12:41:11.485,90.0
2026-08-19 12:41:11.486,90.0
2026-08-19 12:42:11.485,96.0
2026-08-19 12:42:11.486,96.0
2026-08-19 12:43:11.486,96.0
2026-08-19 12:44:11.486,96.0
2026-08-19 12:44:11.487,96.0
2026-08-19 12:45:11.486,96.0
2026-08-19 12:45:11.487,96.0
2026-08-19 12:46:11.486,96.0
2026-08-19 12:46:11.487,96.0
2026-08-19 12:47:11.486,96.0
2026-08-19 12:47:11.487,96.0
2026-08-19 12:48:11.486,96.0
2026-08-19 12:48:11.487,96.0
2026-08-19 12:49:11.487,96.0
2026-08-19 12:50:11.497,96.0
2026-08-19 12:50:11.498,96.0
2026-08-19 12:51:11.497,96.0
2026-08-19 12:51:11.498,96.0
2026-08-19 12:52:11.497,96.0
2026-08-19 12:52:11.498,96.0
2026-08-19 12:53:11.497,96.0
2026-08-19 12:53:11.498,96.0
2026-08-19 12:54:11.497,96.0
2026-08-19 12:54:11.498,96.0
2026-08-19 12:55:11.497,96.0
2026-08-19 12:55:11.499,96.0
2026-08-19 12:56:11.498,96.0
2026-08-19 12:56:11.499,96.0
2026-08-19 12:57:11.498,101.0
2026-08-19 12:57:11.499,101.0
2026-08-19 12:58:11.498,101.0
2026-08-19 12:58:11.499,101.0
2026-08-19 12:59:11.498,101.0
2026-08-19 12:59:11.499,101.0
2026-08-19 13:00:11.498,101.0
2026-08-19 13:00:11.499,101.0
2026-08-19 13:01:11.507,101.0
2026-08-19 13:01:11.509,101.0
2026-08-19 13:02:11.508,101.0
2026-08-19 13:02:11.509,101.0
2026-08-19 13:03:11.508,101.0
2026-08-19 13:03:11.509,101.0
2026-08-19 13:06:40.439,-1.0
2026-08-19 13:07:40.436,-1.0
2026-08-19 13:07:40.439,-1.0
2026-08-19 13:08:40.436,-1.0
2026-08-19 13:08:40.439,-1.0
2026-08-19 13:09:40.436,-1.0
2026-08-19 13:09:40.440,-1.0
2026-08-19 13:10:40.436,-1.0
2026-08-19 13:10:40.440,-1.0
2026-08-19 18:56:43.017,-1.0
2026-08-19 18:56:43.021,-1.0
2026-08-19 19:12:43.037,105.0
2026-08-19 19:12:43.041,105.0
2026-08-19 19:13:43.037,105.0
2026-08-19 19:13:43.041,105.0
2026-08-19 19:14:43.037,105.0
2026-08-19 19:14:43.041,105.0
2026-08-19 19:15:43.037,105.0
2026-08-19 19:15:43.041,105.0
2026-08-19 19:16:43.037,105.0
2026-08-19 19:16:43.041,105.0
2026-08-19 19:17:43.037,105.0
2026-08-19 19:17:43.041,105.0
2026-08-19 19:18:43.037,105.0
2026-08-19 19:18:43.041,105.0
2026-08-19 19:19:43.037,105.0
2026-08-19 19:19:43.041,105.0
2026-08-19 19:20:43.037,105.0
2026-08-19 19:20:43.041,105.0
2026-08-19 19:21:43.051,105.0
2026-08-19 19:21:43.055,105.0
2026-08-19 19:22:43.051,105.0
2026-08-19 19:22:43.055,105.0
2026-08-19 19:23:43.051,105.0
2026-08-19 19:23:43.055,105.0
2026-08-19 19:24:43.051,105.0
2026-08-19 19:24:43.055,105.0
2026-08-19 19:25:43.051,105.0
2026-08-19 19:25:43.055,105.0
2026-08-19 19:26:43.051,110.0
2026-08-19 19:26:43.055,110.0
2026-08-19 19:27:43.051,110.0
2026-08-19 19:27:43.055,110.0
2026-08-19 19:28:43.052,110.0
2026-08-19 19:28:43.055,110.0
2026-08-19 19:29:43.052,110.0
2026-08-19 19:29:43.055,110.0
2026-08-19 19:30:43.052,110.0
2026-08-19 19:30:43.055,110.0
2026-08-19 19:31:43.064,110.0
2026-08-19 19:31:43.068,110.0
2026-08-19 19:32:43.064,110.0
2026-08-19 19:32:43.068,110.0
2026-08-19 19:33:43.064,110.0
2026-08-19 19:33:43.068,110.0
2026-08-19 19:34:43.064,110.0
2026-08-19 19:34:43.068,110.0
2026-08-19 19:35:43.064,110.0
2026-08-19 19:35:43.068,110.0
2026-08-19 19:36:43.064,110.0
2026-08-19 19:36:43.068,110.0
2026-08-19 19:37:43.065,110.0
2026-08-19 19:37:43.068,110.0
2026-08-19 19:38:43.065,110.0
2026-08-19 19:38:43.068,110.0
2026-08-19 19:39:43.065,110.0
2026-08-19 19:39:43.068,110.0
2026-08-19 19:40:43.065,110.0
2026-08-19 19:40:43.069,110.0
2026-08-19 19:41:43.077,117.0
2026-08-19 19:41:43.081,117.0
2026-08-19 19:42:43.077,117.0
2026-08-19 19:42:43.081,117.0
2026-08-19 19:43:43.077,117.0
2026-08-19 19:43:43.081,117.0
2026-08-19 19:44:43.077,117.0
2026-08-19 19:44:43.081,117.0
2026-08-19 19:45:43.077,117.0
2026-08-19 19:45:43.081,117.0
2026-08-19 19:46:43.077,117.0
2026-08-19 19:46:43.081,117.0
2026-08-19 19:47:43.078,117.0
2026-08-19 19:47:43.081,117.0
2026-08-19 19:48:43.078,117.0
2026-08-19 19:48:43.081,117.0
2026-08-19 19:49:43.078,117.0
2026-08-19 19:49:43.081,117.0
2026-08-19 19:50:43.078,117.0
2026-08-19 19:50:43.082,117.0
2026-08-19 19:51:43.089,117.0
2026-08-19 19:51:43.092,117.0
2026-08-19 19:52:43.089,117.0
2026-08-19 19:52:43.093,117.0
2026-08-19 19:53:43.089,117.0
2026-08-19 19:53:43.093,117.0
2026-08-19 19:54:43.089,117.0
2026-08-19 19:54:43.093,117.0
2026-08-19 19:55:43.089,117.0
2026-08-19 19:55:43.093,117.0
2026-08-19 19:56:43.089,129.0
2026-08-19 19:56:43.093,129.0
2026-08-19 19:57:43.089,129.0
2026-08-19 19:57:43.093,129.0
2026-08-19 19:58:43.089,129.0
2026-08-19 19:58:43.093,129.0
2026-08-19 19:59:43.089,129.0
2026-08-19 19:59:43.093,129.0
2026-08-19 20:00:43.101,129.0
2026-08-19 20:00:43.105,129.0
2026-08-19 20:01:43.101,129.0
2026-08-19 20:01:43.105,129.0
2026-08-19 20:02:43.101,129.0
2026-08-19 20:02:43.105,129.0
2026-08-19 20:03:43.101,129.0
2026-08-19 20:03:43.105,129.0
2026-08-19 20:04:43.101,129.0
2026-08-19 20:04:43.105,129.0
2026-08-19 20:05:43.101,129.0
2026-08-19 20:05:43.105,129.0
2026-08-19 20:06:43.101,129.0
2026-08-19 20:06:43.105,129.0
2026-08-19 20:07:43.101,129.0
2026-08-19 20:07:43.105,129.0
2026-08-19 20:08:43.101,129.0
2026-08-19 20:08:43.105,129.0
2026-08-19 20:09:43.101,129.0
2026-08-19 20:09:43.105,129.0
2026-08-19 20:10:43.102,129.0
2026-08-19 20:10:43.105,129.0
2026-08-19 20:11:43.113,129.0
2026-08-19 20:11:43.117,134.0
2026-08-19 20:12:43.113,134.0
2026-08-19 20:12:43.117,134.0
2026-08-19 20:13:43.113,134.0
2026-08-19 20:13:43.117,134.0
2026-08-19 20:14:43.113,134.0
2026-08-19 20:14:43.117,134.0
2026-08-19 20:15:43.113,134.0
2026-08-19 20:15:43.117,134.0
2026-08-19 20:16:43.113,134.0
2026-08-19 20:16:43.117,134.0
2026-08-19 20:17:43.113,134.0
2026-08-19 20:17:43.117,134.0
2026-08-19 20:18:43.113,134.0
2026-08-19 20:18:43.117,134.0
2026-08-19 20:19:43.113,134.0
2026-08-19 20:19:43.117,134.0
2026-08-19 20:20:43.114,134.0
2026-08-19 20:20:43.117,134.0
2026-08-19 20:21:43.128,134.0
2026-08-19 20:21:43.132,134.0
2026-08-19 20:22:43.128,134.0
2026-08-19 20:22:43.132,134.0
2026-08-19 20:23:43.128,134.0
2026-08-19 20:23:43.132,134.0
2026-08-19 20:24:43.128,134.0
2026-08-19 20:24:43.132,134.0
2026-08-19 20:25:43.128,134.0
2026-08-19 20:25:43.132,134.0
2026-08-19 20:26:43.128,134.0
2026-08-19 20:26:43.132,142.0
2026-08-19 20:27:43.129,142.0
2026-08-19 20:27:43.132,142.0
2026-08-19 20:28:43.129,142.0
2026-08-19 20:28:43.132,142.0
2026-08-19 20:29:43.129,142.0
2026-08-19 20:29:43.132,142.0
2026-08-19 20:30:43.138,142.0
2026-08-19 20:30:43.142,142.0
2026-08-19 20:31:43.138,142.0
2026-08-19 20:31:43.142,142.0
2026-08-19 20:32:43.138,142.0
2026-08-19 20:32:43.142,142.0
2026-08-19 20:33:43.139,142.0
2026-08-19 20:33:43.142,142.0
2026-08-19 20:34:43.139,142.0
2026-08-19 20:34:43.142,142.0
2026-08-19 20:35:43.139,142.0
2026-08-19 20:35:43.142,142.0
2026-08-19 20:36:43.139,142.0
2026-08-19 20:36:43.142,142.0
2026-08-19 20:37:43.139,142.0
2026-08-19 20:37:43.142,142.0
2026-08-19 20:38:43.139,142.0
2026-08-19 20:38:43.142,142.0
2026-08-19 20:39:43.139,142.0
2026-08-19 20:39:43.142,142.0
2026-08-19 20:40:43.139,142.0
2026-08-19 20:40:43.143,142.0
2026-08-19 20:41:43.153,142.0
2026-08-19 20:41:43.156,145.0
2026-08-19 20:42:43.153,145.0
2026-08-19 20:42:43.156,145.0
2026-08-19 20:43:43.153,145.0
2026-08-19 20:43:43.156,145.0
2026-08-19 20:44:43.153,145.0
2026-08-19 20:44:43.156,145.0
2026-08-19 20:45:43.153,145.0
2026-08-19 20:45:43.156,145.0
2026-08-19 20:46:43.153,145.0
2026-08-19 20:46:43.156,145.0
2026-08-19 20:47:43.153,145.0
2026-08-19 20:47:43.157,145.0
2026-08-19 20:48:43.153,145.0
2026-08-19 20:48:43.157,145.0
2026-08-19 20:49:43.153,145.0
2026-08-19 20:49:43.157,145.0
2026-08-19 20:50:43.164,145.0
2026-08-19 20:50:43.168,145.0
2026-08-19 20:51:43.164,145.0
2026-08-19 20:51:43.168,145.0
2026-08-19 20:52:43.164,145.0
2026-08-19 20:52:43.168,145.0
2026-08-19 20:53:43.164,145.0
2026-08-19 20:53:43.168,145.0
2026-08-19 20:54:43.164,145.0
2026-08-19 20:54:43.168,145.0
2026-08-19 20:55:43.165,145.0
2026-08-19 20:55:43.168,154.0
2026-08-19 20:56:43.165,154.0
2026-08-19 20:56:43.168,154.0
2026-08-19 20:57:43.165,154.0
2026-08-19 20:57:43.168,154.0
2026-08-19 20:58:43.165,154.0
2026-08-19 20:58:43.168,154.0
2026-08-19 20:59:43.165,154.0
2026-08-19 20:59:43.168,154.0
2026-08-19 21:00:43.165,154.0
2026-08-19 21:00:43.168,154.0
2026-08-19 21:01:43.177,154.0
2026-08-19 21:01:43.181,154.0
2026-08-19 21:02:43.177,154.0
2026-08-19 21:02:43.181,154.0
2026-08-19 21:03:43.178,154.0
2026-08-19 21:03:43.181,154.0
2026-08-19 21:04:43.178,154.0
2026-08-19 21:04:43.181,154.0
2026-08-19 21:05:43.178,154.0
2026-08-19 21:05:43.181,154.0
2026-08-19 21:06:43.178,154.0
2026-08-19 21:06:43.181,154.0
2026-08-19 21:07:43.178,154.0
2026-08-19 21:07:43.181,154.0
2026-08-19 21:08:43.178,154.0
2026-08-19 21:08:43.181,154.0
2026-08-19 21:09:43.178,154.0
2026-08-19 21:09:43.181,154.0
2026-08-19 21:10:43.178,154.0
2026-08-19 21:10:43.181,161.0
2026-08-19 21:11:43.189,161.0
2026-08-19 21:11:43.192,161.0
2026-08-19 21:12:43.189,161.0
2026-08-19 21:12:43.192,161.0
2026-08-19 21:13:43.189,161.0
2026-08-19 21:13:43.192,161.0
2026-08-19 21:14:43.189,161.0
2026-08-19 21:14:43.192,161.0
2026-08-19 21:15:43.189,161.0
2026-08-19 21:15:43.192,161.0
2026-08-19 21:16:43.189,161.0
2026-08-19 21:16:43.192,161.0
2026-08-19 21:17:43.189,161.0
2026-08-19 21:17:43.192,161.0
2026-08-19 21:18:43.189,161.0
2026-08-19 21:18:43.193,161.0
2026-08-19 21:19:43.189,161.0
2026-08-19 21:19:43.193,161.0
2026-08-19 21:20:43.201,161.0
2026-08-19 21:20:43.205,161.0
2026-08-19 21:21:43.201,161.0
2026-08-19 21:21:43.205,161.0
2026-08-19 21:22:43.202,161.0
2026-08-19 21:22:43.205,161.0
2026-08-19 21:23:43.202,161.0
2026-08-19 21:23:43.205,161.0
2026-08-19 21:24:43.202,161.0
2026-08-19 21:24:43.205,161.0
2026-08-19 21:25:43.202,161.0
2026-08-19 21:25:43.205,165.0
2026-08-19 21:26:43.202,165.0
2026-08-19 21:26:43.205,165.0
2026-08-19 21:27:43.202,165.0
2026-08-19 21:27:43.205,165.0
2026-08-19 21:28:43.202,165.0
2026-08-19 21:28:43.205,165.0
2026-08-19 21:29:43.202,165.0
2026-08-19 21:29:43.205,165.0
2026-08-19 21:30:43.202,165.0
2026-08-19 21:30:43.205,165.0
2026-08-19 21:31:43.213,165.0
2026-08-19 21:31:43.216,165.0
2026-08-19 21:32:43.213,165.0
2026-08-19 21:32:43.216,165.0
2026-08-19 21:33:43.213,165.0
2026-08-19 21:33:43.216,165.0
2026-08-19 21:34:43.213,165.0
2026-08-19 21:34:43.216,165.0
2026-08-19 21:35:43.213,165.0
2026-08-19 21:35:43.216,165.0
2026-08-19 21:36:43.213,165.0
2026-08-19 21:36:43.216,165.0
2026-08-19 21:37:43.213,165.0
2026-08-19 21:37:43.216,165.0
2026-08-19 21:38:43.213,165.0
2026-08-19 21:38:43.216,165.0
2026-08-19 21:39:43.214,165.0
2026-08-19 21:39:43.216,165.0
2026-08-19 21:40:43.214,165.0
2026-08-19 21:40:43.217,171.0
2026-08-19 21:41:43.226,171.0
2026-08-19 21:41:43.229,171.0
2026-08-19 21:42:43.226,171.0
2026-08-19 21:42:43.229,171.0
2026-08-19 21:43:43.226,171.0
2026-08-19 21:43:43.229,171.0
2026-08-19 21:44:43.226,171.0
2026-08-19 21:44:43.229,171.0
2026-08-19 21:45:43.226,171.0
2026-08-19 21:45:43.229,171.0
2026-08-19 21:46:43.227,171.0
2026-08-19 21:46:43.229,171.0
2026-08-19 21:47:43.227,171.0
2026-08-19 21:47:43.229,171.0
2026-08-19 21:48:43.227,171.0
2026-08-19 21:48:43.230,171.0
2026-08-19 21:49:43.227,171.0
2026-08-19 21:49:43.230,171.0
2026-08-19 21:50:43.238,171.0
2026-08-19 21:50:43.241,171.0
2026-08-19 21:51:43.238,171.0
2026-08-19 21:51:43.241,171.0
2026-08-19 21:52:43.238,171.0
2026-08-19 21:52:43.241,171.0
2026-08-19 21:53:43.238,171.0
2026-08-19 21:53:43.241,171.0
2026-08-19 21:54:43.238,171.0
2026-08-19 21:54:43.241,171.0
2026-08-19 21:55:43.238,171.0
2026-08-19 21:55:43.241,171.0
2026-08-19 21:56:43.238,178.0
2026-08-19 21:56:43.241,178.0
2026-08-19 21:57:43.238,178.0
2026-08-19 21:57:43.242,178.0
2026-08-19 21:58:43.239,178.0
2026-08-19 21:58:43.242,178.0
2026-08-19 21:59:43.239,178.0
2026-08-19 21:59:43.242,178.0
2026-08-19 22:00:43.239,178.0
2026-08-19 22:00:43.242,178.0
2026-08-19 22:01:43.249,178.0
2026-08-19 22:01:43.252,178.0
2026-08-19 22:02:43.249,178.0
2026-08-19 22:02:43.252,178.0
2026-08-19 22:03:43.249,178.0
2026-08-19 22:03:43.252,178.0
2026-08-19 22:04:43.249,178.0
2026-08-19 22:04:43.252,178.0
2026-08-19 22:05:43.249,178.0
2026-08-19 22:05:43.252,178.0
2026-08-19 22:06:43.249,178.0
2026-08-19 22:06:43.252,178.0
2026-08-19 22:07:43.250,178.0
2026-08-19 22:07:43.252,178.0
2026-08-19 22:08:43.250,178.0
2026-08-19 22:08:43.252,178.0
2026-08-19 22:09:43.250,178.0
2026-08-19 22:09:43.252,178.0
2026-08-19 22:10:43.250,178.0
2026-08-19 22:10:43.252,178.0
2026-08-19 22:11:43.263,4.0
2026-08-19 22:11:43.266,4.0
2026-08-19 22:12:43.263,4.0
2026-08-19 22:12:43.266,4.0
2026-08-19 22:13:43.263,4.0
2026-08-19 22:13:43.266,4.0
2026-08-19 22:14:43.264,4.0
2026-08-19 22:14:43.266,4.0
2026-08-19 22:15:43.264,4.0
2026-08-19 22:15:43.266,4.0
2026-08-19 22:16:43.264,4.0
2026-08-19 22:16:43.266,4.0
2026-08-19 22:17:43.264,4.0
2026-08-19 22:17:43.266,4.0
2026-08-19 22:18:43.264,4.0
2026-08-19 22:18:43.266,4.0
2026-08-19 22:19:43.264,4.0
2026-08-19 22:19:43.266,4.0
2026-08-19 22:20:43.264,4.0
2026-08-19 22:20:43.266,4.0
2026-08-19 22:21:43.276,4.0
2026-08-19 22:21:43.278,4.0
2026-08-19 22:22:43.276,4.0
2026-08-19 22:22:43.278,4.0
2026-08-19 22:23:43.276,4.0
2026-08-19 22:23:43.278,4.0
2026-08-19 22:24:43.276,4.0
2026-08-19 22:24:43.278,4.0
2026-08-19 22:25:43.276,4.0
2026-08-19 22:25:43.278,4.0
2026-08-19 22:26:43.277,12.0
2026-08-19 22:26:43.279,12.0
2026-08-19 22:27:43.277,12.0
2026-08-19 22:27:43.279,12.0
2026-08-19 22:28:43.277,12.0
2026-08-19 22:28:43.279,12.0
2026-08-19 22:29:43.277,12.0
2026-08-19 22:29:43.279,12.0
2026-08-19 22:30:43.277,12.0
2026-08-19 22:30:43.279,12.0
2026-08-19 22:31:43.289,12.0
2026-08-19 22:31:43.291,12.0
2026-08-19 22:32:43.289,12.0
2026-08-19 22:32:43.291,12.0
2026-08-19 22:33:43.289,12.0
2026-08-19 22:33:43.291,12.0
2026-08-19 22:34:43.289,12.0
2026-08-19 22:34:43.291,12.0
2026-08-19 22:35:43.290,12.0
2026-08-19 22:35:43.291,12.0
2026-08-19 22:36:43.290,12.0
2026-08-19 22:36:43.291,12.0
2026-08-19 22:37:43.290,12.0
2026-08-19 22:37:43.291,12.0
2026-08-19 22:38:43.290,12.0
2026-08-19 22:38:43.291,12.0
2026-08-19 22:39:43.290,12.0
2026-08-19 22:39:43.292,12.0
2026-08-19 22:40:43.290,12.0
2026-08-19 22:40:43.292,12.0
2026-08-19 22:41:43.299,19.0
2026-08-19 22:41:43.301,19.0
2026-08-19 22:42:43.299,19.0
2026-08-19 22:42:43.301,19.0
2026-08-19 22:43:43.300,19.0
2026-08-19 22:43:43.301,19.0
2026-08-19 22:44:43.300,19.0
2026-08-19 22:44:43.301,19.0
2026-08-19 22:45:43.300,19.0
2026-08-19 22:45:43.301,19.0
2026-08-19 22:46:43.300,19.0
2026-08-19 22:46:43.302,19.0
2026-08-19 22:47:43.300,19.0
2026-08-19 22:47:43.302,19.0
2026-08-19 22:48:43.301,19.0
2026-08-19 22:48:43.302,19.0
2026-08-19 22:49:43.301,19.0
2026-08-19 22:49:43.302,19.0
2026-08-19 22:50:43.301,19.0
2026-08-19 22:50:43.302,19.0
2026-08-19 22:51:43.314,19.0
2026-08-19 22:51:43.315,19.0
2026-08-19 22:52:43.314,19.0
2026-08-19 22:52:43.315,19.0
2026-08-19 22:53:43.314,19.0
2026-08-19 22:53:43.315,19.0
2026-08-19 22:54:43.314,19.0
2026-08-19 22:54:43.315,19.0
2026-08-19 22:55:43.314,19.0
2026-08-19 22:55:43.315,19.0
2026-08-19 22:56:43.314,26.0
2026-08-19 22:56:43.315,26.0
2026-08-19 22:57:43.314,26.0
2026-08-19 22:57:43.315,26.0
2026-08-19 22:58:43.314,26.0
2026-08-19 22:58:43.315,26.0
2026-08-19 22:59:43.314,26.0
2026-08-19 22:59:43.315,26.0
2026-08-19 23:00:43.314,26.0
2026-08-19 23:00:43.315,26.0
2026-08-19 23:01:43.324,26.0
2026-08-19 23:01:43.325,26.0
2026-08-19 23:02:43.324,26.0
2026-08-19 23:02:43.325,26.0
2026-08-19 23:03:43.324,26.0
2026-08-19 23:03:43.325,26.0
2026-08-19 23:04:43.325,26.0
2026-08-19 23:05:43.325,26.0
2026-08-19 23:06:43.325,26.0
2026-08-19 23:06:43.326,26.0
2026-08-19 23:07:43.325,26.0
2026-08-19 23:07:43.326,26.0
2026-08-19 23:08:43.325,26.0
2026-08-19 23:08:43.326,26.0
2026-08-19 23:09:43.325,26.0
2026-08-19 23:09:43.326,26.0
2026-08-19 23:10:43.336,26.0
2026-08-19 23:10:43.337,26.0
2026-08-19 23:11:43.336,32.0
2026-08-19 23:11:43.337,32.0
2026-08-19 23:12:43.336,32.0
2026-08-19 23:12:43.337,32.0
2026-08-19 23:13:43.336,32.0
2026-08-19 23:13:43.337,32.0
2026-08-19 23:14:43.336,32.0
2026-08-19 23:14:43.337,32.0
2026-08-19 23:15:43.336,32.0
2026-08-19 23:15:43.337,32.0
2026-08-19 23:16:43.337,32.0
2026-08-19 23:17:43.337,32.0
2026-08-19 23:18:43.337,32.0
2026-08-19 23:18:43.338,32.0
2026-08-19 23:19:43.337,32.0
2026-08-19 23:19:43.338,32.0
2026-08-19 23:20:43.337,32.0
2026-08-19 23:20:43.338,32.0
2026-08-19 23:21:43.350,32.0
2026-08-19 23:21:43.351,32.0
2026-08-19 23:22:43.351,32.0
2026-08-19 23:23:43.351,32.0
2026-08-19 23:24:43.351,32.0
2026-08-19 23:24:43.352,32.0
2026-08-19 23:25:43.351,40.0
2026-08-19 23:25:43.352,40.0
2026-08-19 23:26:43.351,40.0
2026-08-19 23:26:43.352,40.0
2026-08-19 23:27:43.351,40.0
2026-08-19 23:27:43.352,40.0
2026-08-19 23:28:43.351,40.0
2026-08-19 23:28:43.352,40.0
2026-08-19 23:29:43.351,40.0
2026-08-19 23:29:43.352,40.0
2026-08-19 23:30:43.352,40.0
2026-08-19 23:31:43.362,40.0
2026-08-19 23:31:43.363,40.0
2026-08-19 23:32:43.362,40.0
2026-08-19 23:32:43.363,40.0
2026-08-19 23:33:43.362,40.0
2026-08-19 23:33:43.363,40.0
2026-08-19 23:34:43.362,40.0
2026-08-19 23:34:43.363,40.0
2026-08-19 23:35:43.362,40.0
2026-08-19 23:35:43.363,40.0
2026-08-19 23:36:43.362,40.0
2026-08-19 23:36:43.364,40.0
2026-08-19 23:37:43.363,40.0
2026-08-19 23:37:43.364,40.0
2026-08-19 23:38:43.363,40.0
2026-08-19 23:38:43.364,40.0
2026-08-19 23:39:43.363,40.0
2026-08-19 23:39:43.364,40.0
2026-08-19 23:40:43.363,48.0
2026-08-19 23:40:43.364,48.0
2026-08-19 23:41:43.376,48.0
2026-08-19 23:41:43.377,48.0
2026-08-19 23:42:43.376,48.0
2026-08-19 23:42:43.377,48.0
2026-08-19 23:43:43.376,48.0
2026-08-19 23:43:43.377,48.0
2026-08-19 23:44:43.376,48.0
2026-08-19 23:44:43.377,48.0
2026-08-19 23:45:43.376,48.0
2026-08-19 23:45:43.377,48.0
2026-08-19 23:46:43.376,48.0
2026-08-19 23:46:43.377,48.0
2026-08-19 23:47:43.377,48.0
2026-08-19 23:48:43.377,48.0
2026-08-19 23:49:43.377,48.0
2026-08-19 23:50:43.377,48.0
2026-08-19 23:50:43.378,48.0
2026-08-19 23:51:43.388,48.0
2026-08-19 23:51:43.389,48.0
2026-08-19 23:52:43.388,48.0
2026-08-19 23:52:43.389,48.0
2026-08-19 23:53:43.388,48.0
2026-08-19 23:53:43.389,48.0
2026-08-19 23:54:43.389,48.0
2026-08-19 23:55:43.389,66.0
2026-08-19 23:56:43.389,66.0
2026-08-19 23:57:43.389,66.0
2026-08-19 23:58:43.389,66.0
2026-08-19 23:59:43.389,66.0
2026-08-20 00:00:43.389,66.0
2026-08-20 00:00:43.390,66.0
2026-08-20 00:01:43.401,66.0
2026-08-20 00:02:43.401,66.0
2026-08-20 00:02:43.402,66.0
2026-08-20 00:03:43.401,66.0
2026-08-20 00:03:43.402,66.0
2026-08-20 00:04:43.401,66.0
2026-08-20 00:04:43.402,66.0
2026-08-20 00:05:43.401,66.0
2026-08-20 00:05:43.402,66.0
2026-08-20 00:06:43.401,66.0
2026-08-20 00:06:43.402,66.0
2026-08-20 00:07:43.401,66.0
2026-08-20 00:07:43.402,66.0
2026-08-20 00:08:43.401,66.0
2026-08-20 00:08:43.402,66.0
2026-08-20 00:09:43.402,66.0
2026-08-20 00:10:43.402,73.0
2026-08-20 00:11:43.413,73.0
2026-08-20 00:12:43.413,73.0
2026-08-20 00:12:43.414,73.0
2026-08-20 00:13:43.413,73.0
2026-08-20 00:13:43.414,73.0
2026-08-20 00:14:43.413,73.0
2026-08-20 00:14:43.414,73.0
2026-08-20 00:15:43.413,73.0
2026-08-20 00:15:43.414,73.0
2026-08-20 00:16:43.413,73.0
2026-08-20 00:16:43.414,73.0
2026-08-20 00:17:43.413,73.0
2026-08-20 00:17:43.414,73.0
2026-08-20 00:18:43.414,73.0
2026-08-20 00:19:43.414,73.0
2026-08-20 00:20:43.414,73.0
2026-08-20 00:20:43.415,73.0
2026-08-20 00:21:43.423,73.0
2026-08-20 00:21:43.424,73.0
2026-08-20 00:22:43.423,73.0
2026-08-20 00:22:43.424,73.0
2026-08-20 00:23:43.423,73.0
2026-08-20 00:23:43.424,73.0
2026-08-20 00:24:43.424,73.0
2026-08-20 00:25:43.424,81.0
2026-08-20 00:26:43.424,81.0
2026-08-20 00:27:43.424,81.0
2026-08-20 00:27:43.425,81.0
2026-08-20 00:28:43.424,81.0
2026-08-20 00:28:43.425,81.0
2026-08-20 00:29:43.424,81.0
2026-08-20 00:29:43.425,81.0
2026-08-20 00:30:43.432,81.0
2026-08-20 00:30:43.433,81.0
2026-08-20 00:31:43.432,81.0
2026-08-20 00:31:43.433,81.0
2026-08-20 00:32:43.433,81.0
2026-08-20 00:33:43.433,81.0
2026-08-20 00:34:43.433,81.0
2026-08-20 00:35:43.433,81.0
2026-08-20 00:35:43.434,81.0
2026-08-20 00:36:43.433,81.0
2026-08-20 00:36:43.434,81.0
2026-08-20 00:37:43.433,81.0
2026-08-20 00:37:43.434,81.0
2026-08-20 00:38:43.433,81.0
2026-08-20 00:38:43.434,81.0
2026-08-20 00:39:43.433,81.0
2026-08-20 00:39:43.434,81.0
2026-08-20 00:40:43.446,99.0
2026-08-20 00:41:43.446,99.0
2026-08-20 00:42:43.446,99.0
2026-08-20 00:43:43.446,99.0
2026-08-20 00:43:43.447,99.0
2026-08-20 00:44:43.446,99.0
2026-08-20 00:44:43.447,99.0
2026-08-20 00:45:43.446,99.0
2026-08-20 00:45:43.447,99.0
2026-08-20 00:46:43.446,99.0
2026-08-20 00:46:43.447,99.0
2026-08-20 00:47:43.446,99.0
2026-08-20 00:47:43.447,99.0
2026-08-20 00:48:43.446,99.0
2026-08-20 00:48:43.447,99.0
2026-08-20 00:49:43.446,99.0
2026-08-20 00:49:43.447,99.0
2026-08-20 00:50:43.446,99.0
2026-08-20 00:50:43.447,99.0
2026-08-20 00:51:43.462,99.0
2026-08-20 00:51:43.463,99.0
2026-08-20 00:52:43.462,99.0
2026-08-20 00:52:43.463,99.0
2026-08-20 00:53:43.462,99.0
2026-08-20 00:53:43.463,99.0
2026-08-20 00:54:43.462,99.0
2026-08-20 00:54:43.463,99.0
2026-08-20 00:55:43.462,118.0
2026-08-20 00:55:43.463,118.0
2026-08-20 00:56:43.463,118.0
2026-08-20 00:57:43.463,118.0
2026-08-20 00:58:43.463,118.0
2026-08-20 00:59:43.463,118.0
2026-08-20 01:00:43.463,118.0
2026-08-20 01:01:43.474,118.0
2026-08-20 01:02:43.474,118.0
2026-08-20 01:03:43.474,118.0
2026-08-20 01:04:43.474,118.0
2026-08-20 01:05:43.474,118.0
2026-08-20 01:05:43.475,118.0
2026-08-20 01:06:43.474,118.0
2026-08-20 01:06:43.475,118.0
2026-08-20 01:07:43.474,118.0
2026-08-20 01:07:43.475,118.0
2026-08-20 01:08:43.475,118.0
2026-08-20 01:09:43.475,118.0
2026-08-20 01:10:43.475,125.0
2026-08-20 01:11:43.487,125.0
2026-08-20 01:11:43.488,125.0
2026-08-20 01:12:43.487,125.0
2026-08-20 01:12:43.488,125.0
2026-08-20 01:13:43.487,125.0
2026-08-20 01:13:43.488,125.0
2026-08-20 01:14:43.487,125.0
2026-08-20 01:14:43.488,125.0
2026-08-20 01:15:43.488,125.0
2026-08-20 01:16:43.488,125.0
2026-08-20 01:17:43.488,125.0
2026-08-20 01:18:43.489,125.0
2026-08-20 01:19:43.489,125.0
2026-08-20 01:20:43.489,125.0
2026-08-20 01:21:43.500,125.0
2026-08-20 01:21:43.501,125.0
2026-08-20 01:22:43.500,125.0
2026-08-20 01:22:43.501,125.0
2026-08-20 01:23:43.501,125.0
2026-08-20 01:24:43.501,125.0
2026-08-20 01:25:43.501,132.0
2026-08-20 01:26:43.501,132.0
2026-08-20 01:27:43.501,132.0
2026-08-20 01:28:43.501,132.0
2026-08-20 01:28:43.502,132.0
2026-08-20 01:29:43.502,132.0
2026-08-20 01:30:43.502,132.0
2026-08-20 01:31:43.513,132.0
2026-08-20 01:32:43.513,132.0
2026-08-20 01:33:43.513,132.0
2026-08-20 01:34:43.513,132.0
2026-08-20 01:34:43.514,132.0
2026-08-20 01:35:43.514,132.0
2026-08-20 01:36:43.514,132.0
2026-08-20 01:37:43.514,132.0
2026-08-20 01:38:43.514,132.0
2026-08-20 01:39:43.514,132.0
2026-08-20 01:40:43.514,133.0
2026-08-20 01:41:43.525,133.0
2026-08-20 01:42:43.526,133.0
2026-08-20 01:43:43.526,133.0
2026-08-20 01:44:43.526,133.0
2026-08-20 01:45:43.526,133.0
2026-08-20 01:46:43.526,133.0
2026-08-20 01:46:43.527,133.0
2026-08-20 01:47:43.526,133.0
2026-08-20 01:47:43.527,133.0
2026-08-20 01:48:43.527,133.0
2026-08-20 01:49:43.527,133.0
2026-08-20 01:50:43.527,133.0
2026-08-20 01:51:43.538,133.0
2026-08-20 01:52:43.538,133.0
2026-08-20 01:53:43.538,133.0
2026-08-20 01:54:43.538,135.0
2026-08-20 01:54:43.539,135.0
2026-08-20 01:55:43.538,135.0
2026-08-20 01:55:43.539,135.0
2026-08-20 01:56:43.538,135.0
2026-08-20 01:56:43.539,135.0
2026-08-20 01:57:43.538,135.0
2026-08-20 01:57:43.539,135.0
2026-08-20 01:58:43.538,135.0
2026-08-20 01:58:43.539,135.0
2026-08-20 01:59:43.539,135.0
2026-08-20 02:00:43.551,135.0
2026-08-20 02:00:43.552,135.0
2026-08-20 02:01:43.551,135.0
2026-08-20 02:01:43.552,135.0
2026-08-20 02:02:43.552,135.0
2026-08-20 02:03:43.552,135.0
2026-08-20 02:04:43.552,135.0
2026-08-20 02:05:43.552,135.0
2026-08-20 02:06:43.552,135.0
2026-08-20 02:06:43.553,135.0
2026-08-20 02:07:43.552,135.0
2026-08-20 02:07:43.553,135.0
2026-08-20 02:08:43.552,135.0
2026-08-20 02:08:43.553,135.0
2026-08-20 02:09:43.552,165.0
2026-08-20 02:09:43.553,165.0
2026-08-20 02:10:43.552,165.0
2026-08-20 02:10:43.553,165.0
2026-08-20 02:11:43.563,165.0
2026-08-20 02:11:43.564,165.0
2026-08-20 02:12:43.563,165.0
2026-08-20 02:12:43.564,165.0
2026-08-20 02:13:43.563,165.0
2026-08-20 02:13:43.564,165.0
2026-08-20 02:14:43.564,165.0
2026-08-20 02:15:43.564,165.0
2026-08-20 02:16:43.564,165.0
2026-08-20 02:17:43.564,165.0
2026-08-20 02:18:43.564,165.0
2026-08-20 02:19:43.564,165.0
2026-08-20 02:19:43.565,165.0
2026-08-20 02:20:43.565,165.0
2026-08-20 02:21:43.576,165.0
2026-08-20 02:22:43.576,165.0
2026-08-20 02:22:43.577,165.0
2026-08-20 02:23:43.576,165.0
2026-08-20 02:23:43.577,165.0
2026-08-20 02:24:43.577,172.0
2026-08-20 02:25:43.577,172.0
2026-08-20 02:26:43.577,172.0
2026-08-20 02:27:43.577,172.0
2026-08-20 02:28:43.577,172.0
2026-08-20 02:29:43.577,172.0
2026-08-20 02:30:43.577,172.0
2026-08-20 02:31:43.589,172.0
2026-08-20 02:32:43.589,172.0
2026-08-20 02:33:43.589,172.0
2026-08-20 02:34:43.589,172.0
2026-08-20 02:35:43.589,172.0
2026-08-20 02:36:43.589,172.0
2026-08-20 02:36:43.590,172.0
2026-08-20 02:37:43.589,172.0
2026-08-20 02:37:43.590,172.0
2026-08-20 02:38:43.589,172.0
2026-08-20 02:38:43.590,172.0
2026-08-20 02:39:43.589,177.0
2026-08-20 02:39:43.590,177.0
2026-08-20 02:40:43.590,177.0
2026-08-20 02:41:43.600,177.0
2026-08-20 02:42:43.600,177.0
2026-08-20 02:42:43.601,177.0
2026-08-20 02:43:43.600,177.0
2026-08-20 02:43:43.601,177.0
2026-08-20 02:44:43.600,177.0
2026-08-20 02:44:43.601,177.0
2026-08-20 02:45:43.601,177.0
2026-08-20 02:46:43.601,177.0
2026-08-20 02:47:43.601,177.0
2026-08-20 02:48:43.601,177.0
2026-08-20 02:49:43.601,177.0
2026-08-20 02:50:43.613,177.0
2026-08-20 02:51:43.613,177.0
2026-08-20 02:52:43.613,177.0
2026-08-20 02:53:43.613,177.0
2026-08-20 02:54:43.613,179.0
2026-08-20 02:55:43.613,179.0
2026-08-20 02:56:43.613,179.0
2026-08-20 02:57:43.613,179.0
2026-08-20 02:58:43.613,179.0
2026-08-20 02:59:43.613,179.0
2026-08-20 02:59:43.614,179.0
2026-08-20 03:00:43.614,179.0
2026-08-20 03:01:43.623,179.0
2026-08-20 03:02:43.623,179.0
2026-08-20 03:03:43.623,179.0
2026-08-20 03:03:43.624,179.0
2026-08-20 03:04:43.624,179.0
2026-08-20 03:05:43.624,179.0
2026-08-20 03:06:43.624,179.0
2026-08-20 03:07:43.624,179.0
2026-08-20 03:08:43.624,179.0
2026-08-20 03:09:43.624,183.0
2026-08-20 03:10:43.624,183.0
2026-08-20 03:11:43.640,183.0
2026-08-20 03:12:43.640,183.0
2026-08-20 03:13:43.640,183.0
2026-08-20 03:14:43.640,183.0
2026-08-20 03:15:43.640,183.0
2026-08-20 03:16:43.640,183.0
2026-08-20 03:17:43.640,183.0
2026-08-20 03:18:43.640,183.0
2026-08-20 03:18:43.641,183.0
2026-08-20 03:19:43.641,183.0
2026-08-20 03:20:43.650,183.0
2026-08-20 03:21:43.650,183.0
2026-08-20 03:22:43.650,183.0
2026-08-20 03:23:43.650,183.0
2026-08-20 03:24:43.650,187.0
2026-08-20 03:25:43.651,187.0
2026-08-20 03:26:43.651,187.0
2026-08-20 03:27:43.651,187.0
2026-08-20 03:28:43.651,187.0
2026-08-20 03:29:43.651,187.0
2026-08-20 03:30:43.651,187.0
2026-08-20 03:31:43.665,187.0
2026-08-20 03:32:43.665,187.0
2026-08-20 03:33:43.665,187.0
2026-08-20 03:34:43.665,187.0
2026-08-20 03:35:43.665,187.0
2026-08-20 03:36:43.665,187.0
2026-08-20 03:37:43.665,187.0
2026-08-20 03:37:43.666,187.0
2026-08-20 03:38:43.665,187.0
2026-08-20 03:38:43.666,187.0
2026-08-20 03:39:43.666,194.0
2026-08-20 03:40:43.676,194.0
2026-08-20 03:41:43.676,194.0
2026-08-20 03:42:43.676,194.0
2026-08-20 03:43:43.676,194.0
2026-08-20 03:44:43.676,194.0
2026-08-20 03:45:43.676,194.0
2026-08-20 03:45:43.677,194.0
2026-08-20 03:46:43.677,194.0
2026-08-20 03:47:43.677,194.0
2026-08-20 03:48:43.677,194.0
2026-08-20 03:49:43.677,194.0
2026-08-20 03:50:43.677,194.0
2026-08-20 03:51:43.688,194.0
2026-08-20 03:51:43.689,194.0
2026-08-20 03:52:43.688,194.0
2026-08-20 03:52:43.689,194.0
2026-08-20 03:53:43.688,194.0
2026-08-20 03:53:43.689,194.0
2026-08-20 03:54:43.689,198.0
2026-08-20 03:55:43.689,198.0
2026-08-20 03:56:43.689,198.0
2026-08-20 03:57:43.689,198.0
2026-08-20 03:58:43.689,198.0
2026-08-20 03:59:43.689,198.0
2026-08-20 03:59:43.690,198.0
2026-08-20 04:00:43.689,198.0
2026-08-20 04:00:43.690,198.0
2026-08-20 04:01:43.703,198.0
2026-08-20 04:02:43.703,198.0
2026-08-20 04:03:43.703,198.0
2026-08-20 04:04:43.703,198.0
2026-08-20 04:05:43.703,198.0
2026-08-20 04:05:43.704,198.0
2026-08-20 04:06:43.703,198.0
2026-08-20 04:06:43.704,198.0
2026-08-20 04:07:43.703,198.0
2026-08-20 04:07:43.704,198.0
2026-08-20 04:08:43.704,198.0
2026-08-20 04:09:43.704,204.0
2026-08-20 04:10:43.714,204.0
2026-08-20 04:10:43.715,204.0
2026-08-20 04:11:43.714,204.0
2026-08-20 04:11:43.715,204.0
2026-08-20 04:12:43.714,204.0
2026-08-20 04:12:43.715,204.0
2026-08-20 04:13:43.714,204.0
2026-08-20 04:13:43.715,204.0
2026-08-20 04:14:43.715,204.0
2026-08-20 04:15:43.715,204.0
2026-08-20 04:16:43.715,204.0
2026-08-20 04:17:43.715,204.0
2026-08-20 04:18:43.715,204.0
2026-08-20 04:19:43.715,204.0
2026-08-20 04:20:43.715,204.0
2026-08-20 04:21:43.728,204.0
2026-08-20 04:21:43.729,204.0
2026-08-20 04:22:43.728,204.0
2026-08-20 04:22:43.729,204.0
2026-08-20 04:23:43.729,210.0
2026-08-20 04:24:43.729,210.0
2026-08-20 04:25:43.729,210.0
2026-08-20 04:26:43.729,210.0
2026-08-20 04:27:43.729,210.0
2026-08-20 04:28:43.729,210.0
2026-08-20 04:28:43.730,210.0
2026-08-20 04:29:43.729,210.0
2026-08-20 04:29:43.730,210.0
2026-08-20 04:30:43.729,210.0
2026-08-20 04:30:43.730,210.0
2026-08-20 04:31:43.741,210.0
2026-08-20 04:31:43.742,210.0
2026-08-20 04:32:43.741,210.0
2026-08-20 04:32:43.742,210.0
2026-08-20 04:33:43.741,210.0
2026-08-20 04:33:43.742,210.0
2026-08-20 04:34:43.741,210.0
2026-08-20 04:34:43.742,210.0
2026-08-20 04:35:43.741,210.0
2026-08-20 04:35:43.742,210.0
2026-08-20 04:36:43.742,210.0
2026-08-20 04:37:43.742,210.0
2026-08-20 04:38:43.742,212.0
2026-08-20 04:39:43.742,212.0
2026-08-20 04:40:43.750,212.0
2026-08-20 04:40:43.751,212.0
2026-08-20 04:41:43.750,212.0
2026-08-20 04:41:43.751,212.0
2026-08-20 04:42:43.750,212.0
2026-08-20 04:42:43.751,212.0
2026-08-20 04:43:43.750,212.0
2026-08-20 04:43:43.751,212.0
2026-08-20 04:46:17.164,-1.0
2026-08-20 04:47:17.162,-1.0
2026-08-20 04:47:17.164,-1.0
2026-08-20 04:48:17.162,-1.0
2026-08-20 04:48:17.164,-1.0
2026-08-20 04:49:17.162,-1.0
2026-08-20 04:49:17.164,-1.0
2026-08-20 04:50:17.162,-1.0
2026-08-20 04:50:17.164,-1.0
2026-08-20 07:39:24.591,-1.0
2026-08-20 07:39:24.593,-1.0
2026-08-20 07:40:24.591,-1.0
2026-08-20 07:40:24.593,-1.0
2026-08-20 07:41:24.591,212.0
2026-08-20 07:41:24.594,212.0
2026-08-20 07:42:24.591,212.0
2026-08-20 07:42:24.594,212.0
2026-08-20 07:43:24.592,212.0
2026-08-20 07:43:24.594,212.0
2026-08-20 07:44:24.592,212.0
2026-08-20 07:44:24.594,212.0
2026-08-20 07:45:24.592,212.0
2026-08-20 07:45:24.594,212.0
2026-08-20 07:46:24.592,212.0
2026-08-20 07:46:24.594,212.0
2026-08-20 07:47:24.592,212.0
2026-08-20 07:47:24.594,212.0
2026-08-20 07:48:24.592,212.0
2026-08-20 07:48:24.594,212.0
2026-08-20 07:49:24.592,212.0
2026-08-20 07:49:24.594,212.0
2026-08-20 07:50:24.592,212.0
2026-08-20 07:50:24.594,212.0
2026-08-20 07:51:24.606,212.0
2026-08-20 07:51:24.608,212.0
2026-08-20 07:52:24.606,212.0
2026-08-20 07:52:24.608,212.0
2026-08-20 07:53:24.606,212.0
2026-08-20 07:53:24.609,212.0
2026-08-20 07:54:24.606,212.0
2026-08-20 07:54:24.609,212.0
2026-08-20 07:55:24.606,216.0
2026-08-20 07:55:24.609,216.0
2026-08-20 07:56:24.607,216.0
2026-08-20 07:56:24.609,216.0
2026-08-20 07:57:24.607,216.0
2026-08-20 07:57:24.609,216.0
2026-08-20 07:58:24.607,216.0
2026-08-20 07:58:24.609,216.0
2026-08-20 07:59:24.607,216.0
2026-08-20 07:59:24.609,216.0
2026-08-20 08:00:24.607,216.0
2026-08-20 08:00:24.609,216.0
2026-08-20 08:01:24.618,216.0
2026-08-20 08:01:24.621,216.0
2026-08-20 08:02:24.618,216.0
2026-08-20 08:02:24.621,216.0
2026-08-20 08:03:24.618,216.0
2026-08-20 08:03:24.621,216.0
2026-08-20 08:04:24.618,216.0
2026-08-20 08:04:24.621,216.0
2026-08-20 08:05:24.619,216.0
2026-08-20 08:05:24.621,216.0
2026-08-20 08:06:24.619,216.0
2026-08-20 08:06:24.621,216.0
2026-08-20 08:07:24.619,216.0
2026-08-20 08:07:24.621,216.0
2026-08-20 08:08:24.619,216.0
2026-08-20 08:08:24.621,216.0
2026-08-20 08:09:24.619,216.0
2026-08-20 08:09:24.621,216.0
2026-08-20 08:10:24.619,223.0
2026-08-20 08:10:24.621,223.0
2026-08-20 08:11:24.631,223.0
2026-08-20 08:11:24.634,223.0
2026-08-20 08:12:24.631,223.0
2026-08-20 08:12:24.634,223.0
2026-08-20 08:13:24.631,223.0
2026-08-20 08:13:24.634,223.0
2026-08-20 08:14:24.632,223.0
2026-08-20 08:14:24.634,223.0
2026-08-20 08:15:24.632,223.0
2026-08-20 08:15:24.634,223.0
2026-08-20 08:16:24.632,223.0
2026-08-20 08:16:24.634,223.0
2026-08-20 08:17:24.632,223.0
2026-08-20 08:17:24.634,223.0
2026-08-20 08:18:24.632,223.0
2026-08-20 08:18:24.634,223.0
2026-08-20 08:19:24.632,223.0
2026-08-20 08:19:24.634,223.0
2026-08-20 08:20:24.632,223.0
2026-08-20 08:20:24.634,223.0
2026-08-20 08:21:24.645,223.0
2026-08-20 08:21:24.648,223.0
2026-08-20 08:22:24.645,223.0
2026-08-20 08:22:24.648,223.0
2026-08-20 08:23:24.645,223.0
2026-08-20 08:23:24.648,223.0
2026-08-20 08:24:24.645,223.0
2026-08-20 08:24:24.648,223.0
2026-08-20 08:25:24.645,234.0
2026-08-20 08:25:24.648,234.0
2026-08-20 08:26:24.646,234.0
2026-08-20 08:26:24.648,234.0
2026-08-20 08:27:24.646,234.0
2026-08-20 08:27:24.648,234.0
2026-08-20 08:28:24.646,234.0
2026-08-20 08:28:24.648,234.0
2026-08-20 08:29:24.646,234.0
2026-08-20 08:29:24.648,234.0
2026-08-20 08:30:24.646,234.0
2026-08-20 08:30:24.648,234.0
2026-08-20 08:31:24.658,234.0
2026-08-20 08:31:24.660,234.0
2026-08-20 08:32:24.658,234.0
2026-08-20 08:32:24.660,234.0
2026-08-20 08:33:24.658,234.0
2026-08-20 08:33:24.660,234.0
2026-08-20 08:34:24.658,234.0
2026-08-20 08:34:24.660,234.0
2026-08-20 08:35:24.658,234.0
2026-08-20 08:35:24.661,234.0
2026-08-20 08:36:24.658,234.0
2026-08-20 08:36:24.661,234.0
2026-08-20 08:37:24.658,234.0
2026-08-20 08:37:24.661,234.0
2026-08-20 08:38:24.658,234.0
2026-08-20 08:38:24.661,234.0
2026-08-20 08:39:24.658,234.0
2026-08-20 08:39:24.661,234.0
2026-08-20 08:40:24.658,238.0
2026-08-20 08:40:24.661,238.0
2026-08-20 08:41:24.670,238.0
2026-08-20 08:41:24.673,238.0
2026-08-20 08:42:24.670,238.0
2026-08-20 08:42:24.673,238.0
2026-08-20 08:43:24.670,238.0
2026-08-20 08:43:24.673,238.0
2026-08-20 08:44:24.670,238.0
2026-08-20 08:44:24.673,238.0
2026-08-20 08:45:24.670,238.0
2026-08-20 08:45:24.673,238.0
2026-08-20 08:46:24.670,238.0
2026-08-20 08:46:24.673,238.0
2026-08-20 08:47:24.670,238.0
2026-08-20 08:47:24.673,238.0
2026-08-20 08:48:24.670,238.0
2026-08-20 08:48:24.673,238.0
2026-08-20 08:49:24.671,238.0
2026-08-20 08:49:24.673,238.0
2026-08-20 08:50:24.671,238.0
2026-08-20 08:50:24.673,238.0
2026-08-20 08:51:24.683,238.0
2026-08-20 08:51:24.686,238.0
2026-08-20 08:52:24.683,238.0
2026-08-20 08:52:24.686,238.0
2026-08-20 08:53:24.683,238.0
2026-08-20 08:53:24.686,238.0
2026-08-20 08:54:24.683,238.0
2026-08-20 08:54:24.686,238.0
2026-08-20 08:55:24.684,238.0
2026-08-20 08:55:24.686,243.0
2026-08-20 08:56:24.684,243.0
2026-08-20 08:56:24.686,243.0
2026-08-20 08:57:24.684,243.0
2026-08-20 08:57:24.686,243.0
2026-08-20 08:58:24.684,243.0
2026-08-20 08:58:24.686,243.0
2026-08-20 08:59:24.684,243.0
2026-08-20 08:59:24.686,243.0
2026-08-20 09:00:24.684,243.0
2026-08-20 09:00:24.686,243.0
2026-08-20 09:01:24.697,243.0
2026-08-20 09:01:24.699,243.0
2026-08-20 09:02:24.697,243.0
2026-08-20 09:02:24.699,243.0
2026-08-20 09:03:24.697,243.0
2026-08-20 09:03:24.699,243.0
2026-08-20 09:04:24.697,243.0
2026-08-20 09:04:24.700,243.0
2026-08-20 09:05:24.697,243.0
2026-08-20 09:05:24.700,243.0
2026-08-20 09:06:24.697,243.0
2026-08-20 09:06:24.700,243.0
2026-08-20 09:07:24.697,243.0
2026-08-20 09:07:24.700,243.0
2026-08-20 09:08:24.697,243.0
2026-08-20 09:08:24.700,243.0
2026-08-20 09:09:24.697,243.0
2026-08-20 09:09:24.700,243.0
2026-08-20 09:10:24.697,243.0
2026-08-20 09:10:24.700,258.0
2026-08-20 09:11:24.709,258.0
2026-08-20 09:11:24.712,258.0
2026-08-20 09:12:24.709,258.0
2026-08-20 09:12:24.712,258.0
2026-08-20 09:13:24.709,258.0
2026-08-20 09:13:24.712,258.0
2026-08-20 09:14:24.710,258.0
2026-08-20 09:14:24.712,258.0
2026-08-20 09:15:24.710,258.0
2026-08-20 09:15:24.712,258.0
2026-08-20 09:16:24.710,258.0
2026-08-20 09:16:24.712,258.0
2026-08-20 09:17:24.710,258.0
2026-08-20 09:17:24.713,258.0
2026-08-20 09:18:24.710,258.0
2026-08-20 09:18:24.713,258.0
2026-08-20 09:19:24.710,258.0
2026-08-20 09:19:24.713,258.0
2026-08-20 09:20:24.710,258.0
2026-08-20 09:20:24.713,258.0
2026-08-20 09:21:24.722,258.0
2026-08-20 09:21:24.724,258.0
2026-08-20 09:22:24.722,258.0
2026-08-20 09:22:24.724,258.0
2026-08-20 09:23:24.722,258.0
2026-08-20 09:23:24.725,258.0
2026-08-20 09:24:24.722,258.0
2026-08-20 09:24:24.725,258.0
2026-08-20 09:25:24.722,258.0
2026-08-20 09:25:24.725,261.0
2026-08-20 09:26:24.722,261.0
2026-08-20 09:26:24.725,261.0
2026-08-20 09:27:24.722,261.0
2026-08-20 09:27:24.725,261.0
2026-08-20 09:28:24.722,261.0
2026-08-20 09:28:24.725,261.0
2026-08-20 09:29:24.723,261.0
2026-08-20 09:29:24.725,261.0
2026-08-20 09:30:24.723,261.0
2026-08-20 09:30:24.725,261.0
2026-08-20 09:31:24.730,261.0
2026-08-20 09:31:24.732,261.0
2026-08-20 09:32:24.730,261.0
2026-08-20 09:32:24.732,261.0
2026-08-20 09:33:24.730,261.0
2026-08-20 09:33:24.732,261.0
2026-08-20 09:34:24.730,261.0
2026-08-20 09:34:24.732,261.0
2026-08-20 09:35:24.730,261.0
2026-08-20 09:35:24.732,261.0
2026-08-20 09:36:24.730,261.0
2026-08-20 09:36:24.733,261.0
2026-08-20 09:37:24.730,261.0
2026-08-20 09:37:24.733,261.0
2026-08-20 09:38:24.730,261.0
2026-08-20 09:38:24.733,261.0
2026-08-20 09:39:24.730,261.0
2026-08-20 09:39:24.733,261.0
2026-08-20 09:40:24.730,261.0
2026-08-20 09:40:24.733,289.0
2026-08-20 09:41:24.743,289.0
2026-08-20 09:41:24.745,289.0
2026-08-20 09:42:24.743,289.0
2026-08-20 09:42:24.745,289.0
2026-08-20 09:43:24.743,289.0
2026-08-20 09:43:24.745,289.0
2026-08-20 09:44:24.743,289.0
2026-08-20 09:44:24.745,289.0
2026-08-20 09:45:24.743,289.0
2026-08-20 09:45:24.745,289.0
2026-08-20 09:46:24.743,289.0
2026-08-20 09:46:24.746,289.0
2026-08-20 09:47:24.743,289.0
2026-08-20 09:47:24.746,289.0
2026-08-20 09:48:24.743,289.0
2026-08-20 09:48:24.746,289.0
2026-08-20 09:49:24.743,289.0
2026-08-20 09:49:24.746,289.0
2026-08-20 09:50:24.757,289.0
2026-08-20 09:50:24.760,289.0
2026-08-20 09:51:24.758,289.0
2026-08-20 09:51:24.760,289.0
2026-08-20 09:52:24.758,289.0
2026-08-20 09:52:24.760,289.0
2026-08-20 09:53:24.758,289.0
2026-08-20 09:53:24.760,289.0
2026-08-20 09:54:24.758,289.0
2026-08-20 09:54:24.760,289.0
2026-08-20 09:55:24.758,289.0
2026-08-20 09:55:24.760,312.0
2026-08-20 09:56:24.758,312.0
2026-08-20 09:56:24.760,312.0
2026-08-20 09:57:24.758,312.0
2026-08-20 09:57:24.760,312.0
2026-08-20 09:58:24.758,312.0
2026-08-20 09:58:24.760,312.0
2026-08-20 09:59:24.758,312.0
2026-08-20 09:59:24.760,312.0
2026-08-20 10:00:24.758,312.0
2026-08-20 10:00:24.761,312.0
2026-08-20 10:01:24.772,312.0
2026-08-20 10:01:24.774,312.0
2026-08-20 10:02:24.772,312.0
2026-08-20 10:02:24.774,312.0
2026-08-20 10:03:24.772,312.0
2026-08-20 10:03:24.774,312.0
2026-08-20 10:04:24.772,312.0
2026-08-20 10:04:24.774,312.0
2026-08-20 10:05:24.772,312.0
2026-08-20 10:05:24.774,312.0
2026-08-20 10:06:24.772,312.0
2026-08-20 10:06:24.774,312.0
2026-08-20 10:07:24.772,312.0
2026-08-20 10:07:24.774,312.0
2026-08-20 10:08:24.772,312.0
2026-08-20 10:08:24.774,312.0
2026-08-20 10:09:24.772,312.0
2026-08-20 10:09:24.775,312.0
2026-08-20 10:10:24.772,312.0
2026-08-20 10:10:24.775,4.0
2026-08-20 10:11:24.784,4.0
2026-08-20 10:11:24.787,4.0
2026-08-20 10:12:24.784,4.0
2026-08-20 10:12:24.787,4.0
2026-08-20 10:13:24.784,4.0
2026-08-20 10:13:24.787,4.0
2026-08-20 10:14:24.785,4.0
2026-08-20 10:14:24.787,4.0
2026-08-20 10:15:24.785,4.0
2026-08-20 10:15:24.787,4.0
2026-08-20 10:16:24.785,4.0
2026-08-20 10:16:24.787,4.0
2026-08-20 10:17:24.785,4.0
2026-08-20 10:17:24.787,4.0
2026-08-20 10:18:24.785,4.0
2026-08-20 10:18:24.787,4.0
2026-08-20 10:19:24.785,4.0
2026-08-20 10:19:24.787,4.0
2026-08-20 10:20:24.785,4.0
2026-08-20 10:20:24.787,4.0
2026-08-20 10:21:24.798,4.0
2026-08-20 10:21:24.800,4.0
2026-08-20 10:22:24.798,4.0
2026-08-20 10:22:24.800,4.0
2026-08-20 10:23:24.798,4.0
2026-08-20 10:23:24.800,4.0
2026-08-20 10:24:24.798,4.0
2026-08-20 10:24:24.800,4.0
2026-08-20 10:25:24.798,11.0
2026-08-20 10:25:24.800,11.0
2026-08-20 10:26:24.798,11.0
2026-08-20 10:26:24.800,11.0
2026-08-20 10:27:24.798,11.0
2026-08-20 10:27:24.801,11.0
2026-08-20 10:28:24.798,11.0
2026-08-20 10:28:24.801,11.0
2026-08-20 10:29:24.798,11.0
2026-08-20 10:29:24.801,11.0
2026-08-20 10:30:24.799,11.0
2026-08-20 10:30:24.801,11.0
2026-08-20 10:31:24.810,11.0
2026-08-20 10:31:24.813,11.0
2026-08-20 10:32:24.810,11.0
2026-08-20 10:32:24.813,11.0
2026-08-20 10:33:24.810,11.0
2026-08-20 10:33:24.813,11.0
2026-08-20 10:34:24.810,11.0
2026-08-20 10:34:24.813,11.0
2026-08-20 10:35:24.810,11.0
2026-08-20 10:35:24.813,11.0
2026-08-20 10:36:24.810,11.0
2026-08-20 10:36:24.813,11.0
2026-08-20 10:37:24.810,11.0
2026-08-20 10:37:24.813,11.0
2026-08-20 10:38:24.810,11.0
2026-08-20 10:38:24.813,11.0
2026-08-20 10:39:24.811,11.0
2026-08-20 10:39:24.813,11.0
2026-08-20 10:40:24.811,15.0
2026-08-20 10:40:24.813,15.0
2026-08-20 10:41:24.821,15.0
2026-08-20 10:41:24.824,15.0
2026-08-20 10:42:24.821,15.0
2026-08-20 10:42:24.824,15.0
2026-08-20 10:43:24.821,15.0
2026-08-20 10:43:24.824,15.0
2026-08-20 10:44:24.822,15.0
2026-08-20 10:44:24.824,15.0
2026-08-20 10:45:24.822,15.0
2026-08-20 10:45:24.824,15.0
2026-08-20 10:46:24.822,15.0
2026-08-20 10:46:24.825,15.0
2026-08-20 10:47:24.822,15.0
2026-08-20 10:47:24.825,15.0
2026-08-20 10:48:24.822,15.0
2026-08-20 10:48:24.825,15.0
2026-08-20 10:49:24.822,15.0
2026-08-20 10:49:24.825,15.0
2026-08-20 10:50:24.822,15.0
2026-08-20 10:50:24.825,15.0
2026-08-20 10:51:24.835,15.0
2026-08-20 10:51:24.838,15.0
2026-08-20 10:52:24.835,15.0
2026-08-20 10:52:24.838,15.0
2026-08-20 10:53:24.835,15.0
2026-08-20 10:53:24.838,15.0
2026-08-20 10:54:24.836,15.0
2026-08-20 10:54:24.838,15.0
2026-08-20 10:55:24.836,22.0
2026-08-20 10:55:24.838,22.0
2026-08-20 10:56:24.836,22.0
2026-08-20 10:56:24.838,22.0
2026-08-20 10:57:24.836,22.0
2026-08-20 10:57:24.838,22.0
2026-08-20 10:58:24.836,22.0
2026-08-20 10:58:24.838,22.0
2026-08-20 10:59:24.836,22.0
2026-08-20 10:59:24.838,22.0
2026-08-20 11:00:24.836,22.0
2026-08-20 11:00:24.838,22.0
2026-08-20 11:01:24.843,22.0
2026-08-20 11:01:24.845,22.0
2026-08-20 11:02:24.843,22.0
2026-08-20 11:02:24.845,22.0
2026-08-20 11:03:24.843,22.0
2026-08-20 11:03:24.845,22.0
2026-08-20 11:04:24.844,22.0
2026-08-20 11:04:24.846,22.0
2026-08-20 11:05:24.844,22.0
2026-08-20 11:05:24.846,22.0
2026-08-20 11:06:24.844,22.0
2026-08-20 11:06:24.846,22.0
2026-08-20 11:07:24.844,22.0
2026-08-20 11:07:24.846,22.0
2026-08-20 11:08:24.844,22.0
2026-08-20 11:08:24.846,22.0
2026-08-20 11:09:24.844,22.0
2026-08-20 11:09:24.846,22.0
2026-08-20 11:10:24.859,30.0
2026-08-20 11:10:24.861,30.0
2026-08-20 11:11:24.859,30.0
2026-08-20 11:11:24.861,30.0
2026-08-20 11:12:24.859,30.0
2026-08-20 11:12:24.861,30.0
2026-08-20 11:13:24.859,30.0
2026-08-20 11:13:24.861,30.0
2026-08-20 11:14:24.859,30.0
2026-08-20 11:14:24.861,30.0
2026-08-20 11:15:24.859,30.0
2026-08-20 11:15:24.862,30.0
2026-08-20 11:16:24.860,30.0
2026-08-20 11:16:24.862,30.0
2026-08-20 11:17:24.860,30.0
2026-08-20 11:17:24.862,30.0
2026-08-20 11:18:24.860,30.0
2026-08-20 11:18:24.862,30.0
2026-08-20 11:19:24.860,30.0
2026-08-20 11:19:24.862,30.0
2026-08-20 11:20:24.860,30.0
2026-08-20 11:20:24.862,30.0
2026-08-20 11:21:24.873,30.0
2026-08-20 11:21:24.875,30.0
2026-08-20 11:22:24.873,30.0
2026-08-20 11:22:24.875,30.0
2026-08-20 11:23:24.873,30.0
2026-08-20 11:23:24.875,30.0
2026-08-20 11:24:24.873,30.0
2026-08-20 11:24:24.875,30.0
2026-08-20 11:25:24.873,34.0
2026-08-20 11:25:24.875,34.0
2026-08-20 11:26:24.873,34.0
2026-08-20 11:26:24.875,34.0
2026-08-20 11:27:24.874,34.0
2026-08-20 11:27:24.875,34.0
2026-08-20 11:28:24.874,34.0
2026-08-20 11:28:24.875,34.0
2026-08-20 11:29:24.874,34.0
2026-08-20 11:29:24.875,34.0
2026-08-20 11:30:24.874,34.0
2026-08-20 11:30:24.875,34.0
2026-08-20 11:31:24.886,34.0
2026-08-20 11:31:24.887,34.0
2026-08-20 11:32:24.886,34.0
2026-08-20 11:32:24.887,34.0
2026-08-20 11:33:24.886,34.0
2026-08-20 11:33:24.888,34.0
2026-08-20 11:34:24.886,34.0
2026-08-20 11:34:24.888,34.0
2026-08-20 11:35:24.886,34.0
2026-08-20 11:35:24.888,34.0
2026-08-20 11:36:24.886,34.0
2026-08-20 11:36:24.888,34.0
2026-08-20 11:37:24.887,34.0
2026-08-20 11:37:24.888,34.0
2026-08-20 11:38:24.887,34.0
2026-08-20 11:38:24.888,34.0
2026-08-20 11:39:24.887,34.0
2026-08-20 11:39:24.888,34.0
2026-08-20 11:40:24.887,35.0
2026-08-20 11:40:24.888,35.0
2026-08-20 11:41:24.899,35.0
2026-08-20 11:41:24.900,35.0
2026-08-20 11:42:24.899,35.0
2026-08-20 11:42:24.901,35.0
2026-08-20 11:43:24.900,35.0
2026-08-20 11:43:24.901,35.0
2026-08-20 11:44:24.900,35.0
2026-08-20 11:44:24.901,35.0
2026-08-20 11:45:24.900,35.0
2026-08-20 11:45:24.901,35.0
2026-08-20 11:46:24.900,35.0
2026-08-20 11:46:24.901,35.0
2026-08-20 11:47:24.900,35.0
2026-08-20 11:47:24.901,35.0
2026-08-20 11:48:24.900,35.0
2026-08-20 11:48:24.901,35.0
2026-08-20 11:49:24.900,35.0
2026-08-20 11:49:24.901,35.0
2026-08-20 11:50:24.900,35.0
2026-08-20 11:50:24.901,35.0
2026-08-20 11:51:24.911,35.0
2026-08-20 11:51:24.912,35.0
2026-08-20 11:52:24.911,35.0
2026-08-20 11:52:24.912,35.0
2026-08-20 11:53:24.911,35.0
2026-08-20 11:53:24.912,35.0
2026-08-20 11:54:24.911,35.0
2026-08-20 11:54:24.912,35.0
2026-08-20 11:55:24.911,36.0
2026-08-20 11:55:24.912,36.0
2026-08-20 11:56:24.911,36.0
2026-08-20 11:56:24.912,36.0
2026-08-20 11:57:24.911,36.0
2026-08-20 11:57:24.912,36.0
2026-08-20 11:58:24.911,36.0
2026-08-20 11:58:24.912,36.0
2026-08-20 11:59:24.911,36.0
2026-08-20 11:59:24.912,36.0
2026-08-20 12:00:24.924,36.0
2026-08-20 12:00:24.925,36.0
2026-08-20 12:01:24.924,36.0
2026-08-20 12:01:24.925,36.0
2026-08-20 12:02:24.924,36.0
2026-08-20 12:02:24.925,36.0
2026-08-20 12:03:24.924,36.0
2026-08-20 12:03:24.925,36.0
2026-08-20 12:04:24.924,36.0
2026-08-20 12:04:24.925,36.0
2026-08-20 12:05:24.924,36.0
2026-08-20 12:05:24.925,36.0
2026-08-20 12:06:24.925,36.0
2026-08-20 12:07:24.925,36.0
2026-08-20 12:08:24.925,36.0
2026-08-20 12:09:24.925,36.0
2026-08-20 12:10:24.925,41.0
2026-08-20 12:10:24.926,41.0
2026-08-20 12:11:24.937,41.0
2026-08-20 12:12:24.937,41.0
2026-08-20 12:13:24.937,41.0
2026-08-20 12:13:24.938,41.0
2026-08-20 12:14:24.937,41.0
2026-08-20 12:14:24.938,41.0
2026-08-20 12:15:24.937,41.0
2026-08-20 12:15:24.938,41.0
2026-08-20 12:16:24.938,41.0
2026-08-20 12:17:24.938,41.0
2026-08-20 12:18:24.938,41.0
2026-08-20 12:19:24.938,41.0
2026-08-20 12:20:24.938,41.0
2026-08-20 12:21:24.947,41.0
2026-08-20 12:21:24.948,41.0
2026-08-20 12:22:24.947,41.0
2026-08-20 12:22:24.948,41.0
2026-08-20 12:23:24.947,41.0
2026-08-20 12:23:24.948,41.0
2026-08-20 12:31:03.690,47.0
2026-08-20 12:32:03.690,47.0
2026-08-20 12:33:03.690,47.0
2026-08-20 12:34:03.690,47.0
2026-08-20 12:35:03.690,47.0
2026-08-20 12:36:03.690,47.0
2026-08-20 12:37:03.691,47.0
2026-08-20 12:38:03.691,47.0
2026-08-20 12:39:03.691,47.0
2026-08-20 12:40:03.691,53.0
2026-08-20 12:41:03.704,53.0
2026-08-20 12:42:03.704,53.0
2026-08-20 12:43:03.704,53.0
2026-08-20 12:43:03.705,53.0
2026-08-20 12:45:30.345,53.0
2026-08-20 12:45:30.377,53.0
2026-08-20 12:46:30.345,53.0
2026-08-20 12:46:30.377,53.0
2026-08-20 12:47:30.346,53.0
2026-08-20 12:47:30.377,53.0
2026-08-20 12:48:30.346,53.0
2026-08-20 12:48:30.377,53.0
2026-08-20 12:49:30.346,53.0
2026-08-20 12:49:30.377,53.0
2026-08-20 12:50:30.355,53.0
2026-08-20 12:50:30.385,53.0
2026-08-20 12:51:30.355,53.0
2026-08-20 12:51:30.385,53.0
2026-08-20 12:52:30.355,53.0
2026-08-20 12:52:30.385,53.0
2026-08-20 12:53:30.355,53.0
2026-08-20 12:53:30.385,53.0
2026-08-20 12:54:30.355,68.0
2026-08-20 12:54:30.386,68.0
2026-08-20 12:55:30.355,68.0
2026-08-20 12:55:30.386,68.0
2026-08-20 12:56:30.355,68.0
2026-08-20 12:56:30.386,68.0
2026-08-20 12:57:30.356,68.0
2026-08-20 12:57:30.386,68.0
2026-08-20 12:58:30.356,68.0
2026-08-20 12:58:30.386,68.0
2026-08-20 12:59:30.356,68.0
2026-08-20 12:59:30.386,68.0
2026-08-20 13:00:30.371,68.0
2026-08-20 13:00:30.401,68.0
2026-08-20 13:01:30.371,68.0
2026-08-20 13:01:30.401,68.0
2026-08-20 13:02:30.371,68.0
2026-08-20 13:02:30.401,68.0
2026-08-20 13:03:30.371,68.0
2026-08-20 13:03:30.401,68.0
2026-08-20 13:04:30.371,68.0
2026-08-20 13:04:30.401,68.0
2026-08-20 13:05:30.371,68.0
2026-08-20 13:05:30.401,68.0
2026-08-20 13:06:30.372,68.0
2026-08-20 13:06:30.401,68.0
2026-08-20 13:07:30.372,68.0
2026-08-20 13:07:30.402,68.0
2026-08-20 13:08:30.372,68.0
2026-08-20 13:08:30.402,68.0
2026-08-20 13:09:30.372,71.0
2026-08-20 13:09:30.402,71.0
2026-08-20 13:10:30.383,71.0
2026-08-20 13:10:30.413,71.0
2026-08-20 13:11:30.383,71.0
2026-08-20 13:11:30.413,71.0
2026-08-20 13:12:30.384,71.0
2026-08-20 13:12:30.413,71.0
2026-08-20 13:13:30.384,71.0
2026-08-20 13:13:30.413,71.0
2026-08-20 13:14:30.384,71.0
2026-08-20 13:14:30.414,71.0
2026-08-20 13:15:30.384,71.0
2026-08-20 13:15:30.414,71.0
2026-08-20 13:16:30.384,71.0
2026-08-20 13:16:30.414,71.0
2026-08-20 13:17:30.384,71.0
2026-08-20 13:17:30.414,71.0
2026-08-20 13:18:30.384,71.0
2026-08-20 13:18:30.414,71.0
2026-08-20 13:19:30.385,71.0
2026-08-20 13:19:30.414,71.0
2026-08-20 13:20:30.396,71.0
2026-08-20 13:20:30.425,71.0
2026-08-20 13:21:30.396,71.0
2026-08-20 13:21:30.425,71.0
2026-08-20 13:22:30.396,71.0
2026-08-20 13:22:30.425,71.0
2026-08-20 13:23:30.396,71.0
2026-08-20 13:23:30.425,71.0
2026-08-20 13:24:30.396,79.0
2026-08-20 13:24:30.425,79.0
2026-08-20 13:25:30.396,79.0
2026-08-20 13:25:30.425,79.0
2026-08-20 13:26:30.396,79.0
2026-08-20 13:26:30.425,79.0
2026-08-20 13:27:30.397,79.0
2026-08-20 13:27:30.425,79.0
2026-08-20 13:28:30.397,79.0
2026-08-20 13:28:30.426,79.0
2026-08-20 13:29:30.397,79.0
2026-08-20 13:29:30.426,79.0
2026-08-20 13:30:30.410,79.0
2026-08-20 13:30:30.439,79.0
2026-08-20 13:31:30.410,79.0
2026-08-20 13:31:30.439,79.0
2026-08-20 13:32:30.410,79.0
2026-08-20 13:32:30.439,79.0
2026-08-20 13:33:30.410,79.0
2026-08-20 13:33:30.439,79.0
2026-08-20 13:34:30.411,79.0
2026-08-20 13:34:30.439,79.0
2026-08-20 13:35:30.411,79.0
2026-08-20 13:35:30.439,79.0
2026-08-20 13:36:30.411,79.0
2026-08-20 13:36:30.439,79.0
2026-08-20 13:37:30.411,79.0
2026-08-20 13:37:30.440,79.0
2026-08-20 13:38:30.411,79.0
2026-08-20 13:38:30.440,79.0
2026-08-20 13:39:30.411,84.0
2026-08-20 13:39:30.440,84.0
2026-08-20 13:40:30.423,84.0
2026-08-20 13:40:30.452,84.0
2026-08-20 13:41:30.423,84.0
2026-08-20 13:41:30.452,84.0
2026-08-20 13:42:30.424,84.0
2026-08-20 13:42:30.452,84.0
2026-08-20 13:43:30.424,84.0
2026-08-20 13:43:30.452,84.0
2026-08-20 13:44:30.424,84.0
2026-08-20 13:44:30.452,84.0
2026-08-20 13:45:30.424,84.0
2026-08-20 13:45:30.452,84.0
2026-08-20 13:46:30.424,84.0
2026-08-20 13:46:30.452,84.0
2026-08-20 13:47:30.424,84.0
2026-08-20 13:47:30.452,84.0
2026-08-20 13:48:30.424,84.0
2026-08-20 13:48:30.452,84.0
2026-08-20 13:49:30.424,84.0
2026-08-20 13:49:30.452,84.0
2026-08-20 13:50:30.436,84.0
2026-08-20 13:50:30.464,84.0
2026-08-20 13:51:30.436,84.0
2026-08-20 13:51:30.464,84.0
2026-08-20 13:52:30.437,84.0
2026-08-20 13:52:30.464,84.0
2026-08-20 13:53:30.437,84.0
2026-08-20 13:53:30.464,84.0
2026-08-20 13:54:30.437,90.0
2026-08-20 13:54:30.464,90.0
2026-08-20 13:55:30.437,90.0
2026-08-20 13:55:30.464,90.0
2026-08-20 13:56:30.437,90.0
2026-08-20 13:56:30.464,90.0
2026-08-20 13:57:30.437,90.0
2026-08-20 13:57:30.464,90.0
2026-08-20 13:58:30.437,90.0
2026-08-20 13:58:30.464,90.0
2026-08-20 13:59:30.437,90.0
2026-08-20 13:59:30.465,90.0
2026-08-20 14:00:30.448,90.0
2026-08-20 14:00:30.475,90.0
2026-08-20 14:01:30.448,90.0
2026-08-20 14:01:30.475,90.0
2026-08-20 14:02:30.448,90.0
2026-08-20 14:02:30.475,90.0
2026-08-20 14:03:30.448,90.0
2026-08-20 14:03:30.475,90.0
2026-08-20 14:04:30.448,90.0
2026-08-20 14:04:30.475,90.0
2026-08-20 14:05:30.448,90.0
2026-08-20 14:05:30.475,90.0
2026-08-20 14:06:30.449,90.0
2026-08-20 14:06:30.475,90.0
2026-08-20 14:07:30.449,90.0
2026-08-20 14:07:30.475,90.0
2026-08-20 14:08:30.449,90.0
2026-08-20 14:08:30.475,90.0
2026-08-20 14:09:30.449,97.0
2026-08-20 14:09:30.476,97.0
2026-08-20 14:10:30.461,97.0
2026-08-20 14:10:30.488,97.0
2026-08-20 14:11:30.461,97.0
2026-08-20 14:11:30.488,97.0
2026-08-20 14:12:30.462,97.0
2026-08-20 14:12:30.488,97.0
2026-08-20 14:13:30.462,97.0
2026-08-20 14:13:30.488,97.0
2026-08-20 14:14:30.462,97.0
2026-08-20 14:14:30.488,97.0
2026-08-20 14:15:30.462,97.0
2026-08-20 14:15:30.488,97.0
2026-08-20 14:16:30.463,97.0
2026-08-20 14:16:30.488,97.0
2026-08-20 14:17:30.463,97.0
2026-08-20 14:17:30.489,97.0
2026-08-20 14:18:30.463,97.0
2026-08-20 14:18:30.489,97.0
2026-08-20 14:19:30.463,97.0
2026-08-20 14:19:30.489,97.0
2026-08-20 14:20:30.474,97.0
2026-08-20 14:20:30.499,97.0
2026-08-20 14:21:30.474,97.0
2026-08-20 14:21:30.499,97.0
2026-08-20 14:22:30.474,97.0
2026-08-20 14:22:30.499,97.0
2026-08-20 14:23:30.474,97.0
2026-08-20 14:23:30.499,97.0
2026-08-20 14:24:30.474,275.0
2026-08-20 14:24:30.499,275.0
2026-08-20 14:25:30.475,275.0
2026-08-20 14:25:30.499,275.0
2026-08-20 14:26:30.475,275.0
2026-08-20 14:26:30.500,275.0
2026-08-20 14:27:30.475,275.0
2026-08-20 14:27:30.500,275.0
2026-08-20 14:28:30.475,275.0
2026-08-20 14:28:30.500,275.0
2026-08-20 14:29:30.475,275.0
2026-08-20 14:29:30.500,275.0
2026-08-20 14:30:30.488,275.0
2026-08-20 14:30:30.513,275.0
2026-08-20 14:31:30.488,275.0
2026-08-20 14:31:30.513,275.0
2026-08-20 14:32:30.488,275.0
2026-08-20 14:32:30.513,275.0
2026-08-20 14:33:30.488,275.0
2026-08-20 14:33:30.513,275.0
2026-08-20 14:34:30.488,275.0
2026-08-20 14:34:30.513,275.0
2026-08-20 14:35:30.488,275.0
2026-08-20 14:35:30.514,275.0
2026-08-20 14:36:30.488,275.0
2026-08-20 14:36:30.514,275.0
2026-08-20 14:37:30.488,275.0
2026-08-20 14:37:30.514,275.0
2026-08-20 14:38:30.489,275.0
2026-08-20 14:38:30.514,275.0
2026-08-20 14:39:30.489,284.0
2026-08-20 14:39:30.514,284.0
2026-08-20 14:40:30.500,284.0
2026-08-20 14:40:30.526,284.0
2026-08-20 14:41:30.500,284.0
2026-08-20 14:41:30.526,284.0
2026-08-20 14:42:30.500,284.0
2026-08-20 14:42:30.526,284.0
2026-08-20 14:43:30.500,284.0
2026-08-20 14:43:30.527,284.0
2026-08-20 14:44:30.501,284.0
2026-08-20 14:44:30.527,284.0
2026-08-20 14:45:30.501,284.0
2026-08-20 14:45:30.527,284.0
2026-08-20 14:46:30.501,284.0
2026-08-20 14:46:30.527,284.0
2026-08-20 14:47:30.501,284.0
2026-08-20 14:47:30.527,284.0
2026-08-20 14:48:30.501,284.0
2026-08-20 14:48:30.527,284.0
2026-08-20 14:49:30.501,284.0
2026-08-20 14:49:30.527,284.0
2026-08-20 14:50:30.513,284.0
2026-08-20 14:50:30.540,284.0
2026-08-20 14:51:30.514,284.0
2026-08-20 14:51:30.540,284.0
2026-08-20 14:52:30.514,284.0
2026-08-20 14:52:30.540,284.0
2026-08-20 14:53:30.514,284.0
2026-08-20 14:53:30.540,284.0
2026-08-20 14:54:30.514,293.0
2026-08-20 14:54:30.540,293.0
2026-08-20 14:55:30.514,293.0
2026-08-20 14:55:30.540,293.0
2026-08-20 14:56:30.514,293.0
2026-08-20 14:56:30.540,293.0
2026-08-20 14:57:30.514,293.0
2026-08-20 14:57:30.540,293.0
2026-08-20 14:58:30.514,293.0
2026-08-20 14:58:30.540,293.0
2026-08-20 14:59:30.515,293.0
2026-08-20 14:59:30.541,293.0
2026-08-20 15:00:30.526,293.0
2026-08-20 15:00:30.552,293.0
2026-08-20 15:01:30.526,293.0
2026-08-20 15:01:30.552,293.0
2026-08-20 15:02:30.526,293.0
2026-08-20 15:02:30.552,293.0
2026-08-20 15:03:30.526,293.0
2026-08-20 15:03:30.552,293.0
2026-08-20 15:04:30.526,293.0
2026-08-20 15:04:30.552,293.0
2026-08-20 15:05:30.526,293.0
2026-08-20 15:05:30.552,293.0
2026-08-20 15:06:30.526,293.0
2026-08-20 15:06:30.552,293.0
2026-08-20 15:07:30.526,293.0
2026-08-20 15:07:30.552,293.0
2026-08-20 15:08:30.526,296.0
2026-08-20 15:08:30.552,296.0
2026-08-20 15:09:30.527,296.0
2026-08-20 15:09:30.552,296.0
2026-08-20 15:10:30.539,296.0
2026-08-20 15:10:30.565,296.0
2026-08-20 15:11:30.539,296.0
2026-08-20 15:11:30.565,296.0
2026-08-20 15:12:30.539,296.0
2026-08-20 15:12:30.565,296.0
2026-08-20 15:13:30.539,296.0
2026-08-20 15:13:30.565,296.0
2026-08-20 15:14:30.540,296.0
2026-08-20 15:14:30.565,296.0
2026-08-20 15:15:30.540,296.0
2026-08-20 15:15:30.565,296.0
2026-08-20 15:16:30.540,296.0
2026-08-20 15:16:30.565,296.0
2026-08-20 15:17:30.540,296.0
2026-08-20 15:17:30.565,296.0
2026-08-20 15:18:30.540,296.0
2026-08-20 15:18:30.565,296.0
2026-08-20 15:19:30.540,296.0
2026-08-20 15:19:30.565,296.0
2026-08-20 15:20:30.552,296.0
2026-08-20 15:20:30.577,296.0
2026-08-20 15:21:30.553,296.0
2026-08-20 15:21:30.578,296.0
2026-08-20 15:22:30.553,296.0
2026-08-20 15:22:30.578,296.0
2026-08-20 15:23:30.553,297.0
2026-08-20 15:23:30.578,297.0
2026-08-20 15:24:30.553,297.0
2026-08-20 15:24:30.578,297.0
2026-08-20 15:25:30.553,297.0
2026-08-20 15:25:30.578,297.0
2026-08-20 15:26:30.553,297.0
2026-08-20 15:26:30.579,297.0
2026-08-20 15:27:30.553,297.0
2026-08-20 15:27:30.579,297.0
2026-08-20 15:28:30.553,297.0
2026-08-20 15:28:30.579,297.0
2026-08-20 15:29:30.553,297.0
2026-08-20 15:29:30.579,297.0
2026-08-20 15:30:30.562,297.0
2026-08-20 15:30:30.588,297.0
2026-08-20 15:31:30.563,297.0
2026-08-20 15:31:30.588,297.0
2026-08-20 15:32:30.563,297.0
2026-08-20 15:32:30.588,297.0
2026-08-20 15:33:30.563,297.0
2026-08-20 15:33:30.588,297.0
2026-08-20 15:34:30.563,297.0
2026-08-20 15:34:30.588,297.0
2026-08-20 15:35:30.563,297.0
2026-08-20 15:35:30.588,297.0
2026-08-20 15:36:30.563,297.0
2026-08-20 15:36:30.588,297.0
2026-08-20 15:37:30.563,297.0
2026-08-20 15:37:30.588,297.0
2026-08-20 15:38:30.563,305.0
2026-08-20 15:38:30.588,305.0
2026-08-20 15:39:30.564,305.0
2026-08-20 15:39:30.589,305.0
2026-08-20 15:40:30.577,305.0
2026-08-20 15:40:30.602,305.0
2026-08-20 15:41:30.578,305.0
2026-08-20 15:41:30.602,305.0
2026-08-20 15:42:30.578,305.0
2026-08-20 15:42:30.602,305.0
2026-08-20 15:43:30.578,305.0
2026-08-20 15:43:30.603,305.0
2026-08-20 15:44:30.578,305.0
2026-08-20 15:44:30.603,305.0
2026-08-20 15:45:30.578,305.0
2026-08-20 15:45:30.603,305.0
2026-08-20 15:46:30.578,305.0
2026-08-20 15:46:30.603,305.0
2026-08-20 15:47:30.578,305.0
2026-08-20 15:47:30.603,305.0
2026-08-20 15:48:30.579,305.0
2026-08-20 15:48:30.603,305.0
2026-08-20 15:49:30.579,305.0
2026-08-20 15:49:30.603,305.0
2026-08-20 15:50:30.585,305.0
2026-08-20 15:50:30.609,305.0
2026-08-20 15:51:30.585,305.0
2026-08-20 15:51:30.609,305.0
2026-08-20 15:52:30.585,305.0
2026-08-20 15:52:30.609,305.0
2026-08-20 15:53:30.585,308.0
2026-08-20 15:53:30.609,308.0
2026-08-20 15:54:30.585,308.0
2026-08-20 15:54:30.609,308.0
2026-08-20 15:55:30.585,308.0
2026-08-20 15:55:30.609,308.0
2026-08-20 15:56:30.585,308.0
2026-08-20 15:56:30.609,308.0
2026-08-20 15:57:30.586,308.0
2026-08-20 15:57:30.609,308.0
2026-08-20 15:58:30.586,308.0
2026-08-20 15:58:30.609,308.0
2026-08-20 15:59:30.586,308.0
2026-08-20 15:59:30.609,308.0
2026-08-20 16:00:30.603,308.0
2026-08-20 16:00:30.626,308.0
2026-08-20 16:01:30.603,308.0
2026-08-20 16:01:30.626,308.0
2026-08-20 16:02:30.603,308.0
2026-08-20 16:02:30.626,308.0
2026-08-20 16:03:30.603,308.0
2026-08-20 16:03:30.626,308.0
2026-08-20 16:04:30.603,308.0
2026-08-20 16:04:30.626,308.0
2026-08-20 16:05:30.603,308.0
2026-08-20 16:05:30.626,308.0
2026-08-20 16:06:30.603,308.0
2026-08-20 16:06:30.626,308.0
2026-08-20 16:07:30.603,308.0
2026-08-20 16:07:30.626,308.0
2026-08-20 16:08:30.603,315.0
2026-08-20 16:08:30.626,315.0
2026-08-20 16:09:30.603,315.0
2026-08-20 16:09:30.627,315.0
2026-08-20 16:10:30.615,315.0
2026-08-20 16:10:30.638,315.0
2026-08-20 16:11:30.615,315.0
2026-08-20 16:11:30.638,315.0
2026-08-20 16:12:30.615,315.0
2026-08-20 16:12:30.638,315.0
2026-08-20 16:13:30.615,315.0
2026-08-20 16:13:30.638,315.0
2026-08-20 16:14:30.616,315.0
2026-08-20 16:14:30.638,315.0
2026-08-20 16:15:30.616,315.0
2026-08-20 16:15:30.638,315.0
2026-08-20 16:16:30.616,315.0
2026-08-20 16:16:30.638,315.0
2026-08-20 16:17:30.616,315.0
2026-08-20 16:17:30.639,315.0
2026-08-20 16:18:30.617,315.0
2026-08-20 16:18:30.639,315.0
2026-08-20 16:19:30.617,315.0
2026-08-20 16:19:30.639,315.0
2026-08-20 16:20:30.628,315.0
2026-08-20 16:20:30.649,315.0
2026-08-20 16:21:30.628,315.0
2026-08-20 16:21:30.649,315.0
2026-08-20 16:22:30.628,315.0
2026-08-20 16:22:30.649,315.0
2026-08-20 16:23:30.628,322.0
2026-08-20 16:23:30.649,322.0
2026-08-20 16:24:30.628,322.0
2026-08-20 16:24:30.650,322.0
2026-08-20 16:25:30.628,322.0
2026-08-20 16:25:30.650,322.0
2026-08-20 16:26:30.628,322.0
2026-08-20 16:26:30.650,322.0
2026-08-20 16:27:30.629,322.0
2026-08-20 16:27:30.650,322.0
2026-08-20 16:28:30.629,322.0
2026-08-20 16:28:30.650,322.0
2026-08-20 16:29:30.629,322.0
2026-08-20 16:29:30.650,322.0
2026-08-20 16:30:30.642,322.0
2026-08-20 16:30:30.663,322.0
2026-08-20 16:31:30.642,322.0
2026-08-20 16:31:30.663,322.0
2026-08-20 16:32:30.642,322.0
2026-08-20 16:32:30.663,322.0
2026-08-20 16:33:30.642,322.0
2026-08-20 16:33:30.663,322.0
2026-08-20 16:34:30.642,322.0
2026-08-20 16:34:30.663,322.0
2026-08-20 16:35:30.643,322.0
2026-08-20 16:35:30.663,322.0
2026-08-20 16:36:30.643,322.0
2026-08-20 16:36:30.663,322.0
2026-08-20 16:37:30.644,322.0
2026-08-20 16:37:30.663,322.0
2026-08-20 16:38:30.644,328.0
2026-08-20 16:38:30.663,328.0
2026-08-20 16:39:30.644,328.0
2026-08-20 16:39:30.663,328.0
2026-08-20 16:40:30.655,328.0
2026-08-20 16:40:30.675,328.0
2026-08-20 16:41:30.655,328.0
2026-08-20 16:41:30.675,328.0
2026-08-20 16:42:30.655,328.0
2026-08-20 16:42:30.675,328.0
2026-08-20 16:43:30.656,328.0
2026-08-20 16:43:30.675,328.0
2026-08-20 16:44:30.656,328.0
2026-08-20 16:44:30.675,328.0
2026-08-20 16:45:30.656,328.0
2026-08-20 16:45:30.675,328.0
2026-08-20 16:46:30.656,328.0
2026-08-20 16:46:30.675,328.0
2026-08-20 16:47:30.656,328.0
2026-08-20 16:47:30.675,328.0
2026-08-20 16:48:30.657,328.0
2026-08-20 16:48:30.675,328.0
2026-08-20 16:49:30.657,328.0
2026-08-20 16:49:30.675,328.0
2026-08-20 16:50:30.664,328.0
2026-08-20 16:50:30.683,328.0
2026-08-20 16:51:30.664,328.0
2026-08-20 16:51:30.683,328.0
2026-08-20 16:52:30.664,328.0
2026-08-20 16:52:30.683,328.0
2026-08-20 16:53:30.665,333.0
2026-08-20 16:53:30.683,333.0
2026-08-20 16:54:30.665,333.0
2026-08-20 16:54:30.683,333.0
2026-08-20 16:55:30.665,333.0
2026-08-20 16:55:30.683,333.0
2026-08-20 16:56:30.665,333.0
2026-08-20 16:56:30.683,333.0
2026-08-20 16:57:30.665,333.0
2026-08-20 16:57:30.683,333.0
2026-08-20 16:58:30.665,333.0
2026-08-20 16:58:30.683,333.0
2026-08-20 16:59:30.665,333.0
2026-08-20 16:59:30.683,333.0
2026-08-20 17:00:30.680,333.0
2026-08-20 17:00:30.698,333.0
2026-08-20 17:01:30.680,333.0
2026-08-20 17:01:30.698,333.0
2026-08-20 17:02:30.680,333.0
2026-08-20 17:02:30.698,333.0
2026-08-20 17:03:30.681,333.0
2026-08-20 17:03:30.698,333.0
2026-08-20 17:04:30.681,333.0
2026-08-20 17:04:30.698,333.0
2026-08-20 17:05:30.681,333.0
2026-08-20 17:05:30.698,333.0
2026-08-20 17:06:30.681,333.0
2026-08-20 17:06:30.699,333.0
2026-08-20 17:07:30.681,333.0
2026-08-20 17:07:30.699,333.0
2026-08-20 17:08:30.682,340.0
2026-08-20 17:08:30.699,340.0
2026-08-20 17:09:30.682,340.0
2026-08-20 17:09:30.699,340.0
2026-08-20 17:10:30.694,340.0
2026-08-20 17:10:30.711,340.0
2026-08-20 17:11:30.694,340.0
2026-08-20 17:11:30.711,340.0
2026-08-20 17:12:30.694,340.0
2026-08-20 17:12:30.712,340.0
2026-08-20 17:13:30.694,340.0
2026-08-20 17:13:30.712,340.0
2026-08-20 17:14:30.694,340.0
2026-08-20 17:14:30.712,340.0
2026-08-20 17:15:30.694,340.0
2026-08-20 17:15:30.712,340.0
2026-08-20 17:16:30.694,340.0
2026-08-20 17:16:30.712,340.0
2026-08-20 17:17:30.694,340.0
2026-08-20 17:17:30.712,340.0
2026-08-20 17:18:30.694,340.0
2026-08-20 17:18:30.712,340.0
2026-08-20 17:19:30.694,340.0
2026-08-20 17:19:30.712,340.0
2026-08-20 17:20:30.706,340.0
2026-08-20 17:20:30.724,340.0
2026-08-20 17:21:30.706,340.0
2026-08-20 17:21:30.724,340.0
2026-08-20 17:22:30.706,340.0
2026-08-20 17:22:30.724,340.0
2026-08-20 17:23:30.706,346.0
2026-08-20 17:23:30.724,346.0
2026-08-20 17:24:30.706,346.0
2026-08-20 17:24:30.724,346.0
2026-08-20 17:25:30.706,346.0
2026-08-20 17:25:30.724,346.0
2026-08-20 17:26:30.706,346.0
2026-08-20 17:26:30.724,346.0
2026-08-20 17:28:23.429,-1.0
2026-08-20 17:28:23.433,-1.0
2026-08-20 17:29:23.429,-1.0
2026-08-20 17:29:23.434,-1.0
2026-08-20 17:30:23.429,-1.0
2026-08-20 17:30:23.434,-1.0
2026-08-20 17:47:04.662,-1.0
2026-08-20 17:47:04.667,-1.0
2026-08-20 17:51:42.292,-1.0
2026-08-20 17:52:42.292,-1.0
2026-08-20 17:53:42.292,346.0
2026-08-20 17:54:42.292,346.0
2026-08-20 17:55:42.292,346.0
2026-08-20 17:56:42.292,346.0
2026-08-20 17:57:42.292,346.0
2026-08-20 17:58:42.292,346.0
2026-08-20 17:59:42.292,346.0
2026-08-20 17:59:42.293,346.0
2026-08-20 18:00:42.303,346.0
2026-08-20 18:01:42.303,346.0
2026-08-20 18:02:42.303,346.0
2026-08-20 18:03:42.303,346.0
2026-08-20 18:04:42.303,346.0
2026-08-20 18:05:42.303,346.0
2026-08-20 18:05:42.304,346.0
2026-08-20 18:06:42.303,346.0
2026-08-20 18:06:42.304,346.0
2026-08-20 18:07:42.303,346.0
2026-08-20 18:07:42.304,346.0
2026-08-20 18:08:42.303,346.0
2026-08-20 18:08:42.304,346.0
2026-08-20 18:09:42.304,346.0
2026-08-20 18:10:42.317,346.0
2026-08-20 18:11:42.317,346.0
2026-08-20 18:12:42.317,346.0
2026-08-20 18:13:42.317,346.0
2026-08-20 18:13:42.318,346.0
2026-08-20 18:14:42.318,346.0
2026-08-20 18:15:42.318,346.0
2026-08-20 18:16:42.318,346.0
2026-08-20 18:17:42.318,346.0
2026-08-20 18:18:42.318,346.0
2026-08-20 18:19:42.318,346.0
2026-08-20 18:20:42.327,346.0
2026-08-20 18:21:42.327,346.0
2026-08-20 18:22:42.327,346.0
2026-08-20 18:22:42.328,346.0
2026-08-20 18:23:42.327,346.0
2026-08-20 18:23:42.328,346.0
2026-08-20 18:24:42.327,346.0
2026-08-20 18:24:42.328,346.0
2026-08-20 18:25:42.327,346.0
2026-08-20 18:25:42.328,346.0
2026-08-20 18:26:42.327,346.0
2026-08-20 18:26:42.328,346.0
2026-08-20 18:27:42.327,346.0
2026-08-20 18:27:42.328,346.0
2026-08-20 18:28:42.328,346.0
2026-08-20 18:28:42.329,346.0
2026-08-20 18:29:42.328,346.0
2026-08-20 18:29:42.329,346.0
2026-08-20 18:30:42.341,346.0
2026-08-20 18:30:42.342,346.0
2026-08-20 18:31:42.341,346.0
2026-08-20 18:31:42.342,346.0
2026-08-20 18:32:42.341,346.0
2026-08-20 18:32:42.342,346.0
2026-08-20 18:33:42.342,346.0
2026-08-20 18:34:42.342,346.0
2026-08-20 18:34:42.343,346.0
2026-08-20 18:35:42.342,346.0
2026-08-20 18:35:42.343,346.0
2026-08-20 18:36:42.342,346.0
2026-08-20 18:36:42.343,346.0
2026-08-20 18:37:42.342,346.0
2026-08-20 18:37:42.343,346.0
2026-08-20 18:38:42.342,350.0
2026-08-20 18:38:42.343,350.0
2026-08-20 18:39:42.342,350.0
2026-08-20 18:39:42.343,350.0
2026-08-20 18:40:42.355,350.0
2026-08-20 18:40:42.356,350.0
2026-08-20 18:41:42.355,350.0
2026-08-20 18:41:42.356,350.0
2026-08-20 18:42:42.355,350.0
2026-08-20 18:42:42.356,350.0
2026-08-20 18:43:42.355,350.0
2026-08-20 18:43:42.356,350.0
2026-08-20 18:44:42.356,350.0
2026-08-20 18:45:42.356,350.0
2026-08-20 18:45:42.357,350.0
2026-08-20 18:46:42.356,350.0
2026-08-20 18:46:42.357,350.0
2026-08-20 18:47:42.356,350.0
2026-08-20 18:47:42.357,350.0
2026-08-20 18:48:42.356,350.0
2026-08-20 18:48:42.357,350.0
2026-08-20 18:49:42.357,350.0
2026-08-20 18:50:42.366,350.0
2026-08-20 18:50:42.367,350.0
2026-08-20 18:51:42.366,350.0
2026-08-20 18:51:42.367,350.0
2026-08-20 18:52:42.366,350.0
2026-08-20 18:52:42.367,350.0
2026-08-20 18:53:42.366,354.0
2026-08-20 18:53:42.367,354.0
2026-08-20 18:54:42.366,354.0
2026-08-20 18:54:42.367,354.0
2026-08-20 18:55:42.367,354.0
2026-08-20 18:55:42.368,354.0
2026-08-20 18:56:42.367,354.0
2026-08-20 18:56:42.368,354.0
2026-08-20 18:57:42.367,354.0
2026-08-20 18:57:42.368,354.0
2026-08-20 18:58:42.367,354.0
2026-08-20 18:58:42.368,354.0
2026-08-20 18:59:42.368,354.0
2026-08-20 19:00:42.376,354.0
2026-08-20 19:00:42.377,354.0
2026-08-20 19:01:42.376,354.0
2026-08-20 19:01:42.377,354.0
2026-08-20 19:02:42.376,354.0
2026-08-20 19:02:42.377,354.0
2026-08-20 19:03:42.376,354.0
2026-08-20 19:03:42.377,354.0
2026-08-20 19:04:42.376,354.0
2026-08-20 19:04:42.378,354.0
2026-08-20 19:05:42.376,354.0
2026-08-20 19:05:42.378,354.0
2026-08-20 19:06:42.377,354.0
2026-08-20 19:06:42.378,354.0
2026-08-20 19:07:42.377,359.0
2026-08-20 19:07:42.378,359.0
2026-08-20 19:08:42.377,359.0
2026-08-20 19:08:42.378,359.0
2026-08-20 19:09:42.377,359.0
2026-08-20 19:09:42.378,359.0
2026-08-20 19:10:42.392,359.0
2026-08-20 19:10:42.393,359.0
2026-08-20 19:11:42.392,359.0
2026-08-20 19:11:42.393,359.0
2026-08-20 19:12:42.392,359.0
2026-08-20 19:12:42.393,359.0
2026-08-20 19:13:42.392,359.0
2026-08-20 19:13:42.393,359.0
2026-08-20 19:14:42.392,359.0
2026-08-20 19:14:42.393,359.0
2026-08-20 19:15:42.392,359.0
2026-08-20 19:15:42.393,359.0
2026-08-20 19:16:42.392,359.0
2026-08-20 19:16:42.394,359.0
2026-08-20 19:17:42.393,359.0
2026-08-20 19:17:42.394,359.0
2026-08-20 19:18:42.393,359.0
2026-08-20 19:18:42.394,359.0
2026-08-20 19:19:42.393,359.0
2026-08-20 19:19:42.394,359.0
2026-08-20 19:20:42.407,359.0
2026-08-20 19:20:42.409,359.0
2026-08-20 19:21:42.407,359.0
2026-08-20 19:21:42.409,359.0
2026-08-20 19:22:42.408,378.0
2026-08-20 19:22:42.409,378.0
2026-08-20 19:23:42.408,378.0
2026-08-20 19:23:42.409,378.0
2026-08-20 19:24:42.408,378.0
2026-08-20 19:24:42.409,378.0
2026-08-20 19:25:42.408,378.0
2026-08-20 19:25:42.409,378.0
2026-08-20 19:26:42.408,378.0
2026-08-20 19:26:42.409,378.0
2026-08-20 19:27:42.408,378.0
2026-08-20 19:27:42.409,378.0
2026-08-20 19:28:42.409,378.0
2026-08-20 19:28:42.410,378.0
2026-08-20 19:29:42.409,378.0
2026-08-20 19:29:42.410,378.0
2026-08-20 19:30:42.418,378.0
2026-08-20 19:30:42.420,378.0
2026-08-20 19:31:42.418,378.0
2026-08-20 19:31:42.420,378.0
2026-08-20 19:32:42.419,378.0
2026-08-20 19:32:42.420,378.0
2026-08-20 19:33:42.419,378.0
2026-08-20 19:33:42.420,378.0
2026-08-20 19:34:42.419,378.0
2026-08-20 19:34:42.420,378.0
2026-08-20 19:35:42.419,378.0
2026-08-20 19:35:42.420,378.0
2026-08-20 19:36:42.419,378.0
2026-08-20 19:36:42.420,378.0
2026-08-20 19:37:42.419,380.0
2026-08-20 19:37:42.420,380.0
2026-08-20 19:38:42.419,380.0
2026-08-20 19:38:42.421,380.0
2026-08-20 19:39:42.419,380.0
2026-08-20 19:39:42.421,380.0
2026-08-20 19:40:42.430,380.0
2026-08-20 19:40:42.431,380.0
2026-08-20 19:41:42.430,380.0
2026-08-20 19:41:42.431,380.0
2026-08-20 19:42:42.430,380.0
2026-08-20 19:42:42.431,380.0
2026-08-20 19:43:42.430,380.0
2026-08-20 19:43:42.431,380.0
2026-08-20 19:44:42.430,380.0
2026-08-20 19:44:42.431,380.0
2026-08-20 19:45:42.430,380.0
2026-08-20 19:45:42.431,380.0
2026-08-20 19:46:42.430,380.0
2026-08-20 19:46:42.431,380.0
2026-08-20 19:47:42.430,380.0
2026-08-20 19:47:42.431,380.0
2026-08-20 19:48:42.430,380.0
2026-08-20 19:48:42.432,380.0
2026-08-20 19:49:42.431,380.0
2026-08-20 19:49:42.432,380.0
2026-08-20 19:50:42.444,380.0
2026-08-20 19:50:42.445,380.0
2026-08-20 19:51:42.444,380.0
2026-08-20 19:51:42.445,380.0
2026-08-20 19:52:42.444,382.0
2026-08-20 19:52:42.446,382.0
2026-08-20 19:53:42.444,382.0
2026-08-20 19:53:42.446,382.0
2026-08-20 19:54:42.444,382.0
2026-08-20 19:54:42.446,382.0
2026-08-20 19:55:42.445,382.0
2026-08-20 19:55:42.446,382.0
2026-08-20 19:56:42.445,382.0
2026-08-20 19:56:42.446,382.0
2026-08-20 19:57:42.445,382.0
2026-08-20 19:57:42.446,382.0
2026-08-20 19:58:42.445,382.0
2026-08-20 19:58:42.446,382.0
2026-08-20 19:59:42.445,382.0
2026-08-20 19:59:42.446,382.0
2026-08-20 20:00:42.456,382.0
2026-08-20 20:00:42.457,382.0
2026-08-20 20:01:42.456,382.0
2026-08-20 20:01:42.457,382.0
2026-08-20 20:02:42.456,382.0
2026-08-20 20:02:42.457,382.0
2026-08-20 20:03:42.456,382.0
2026-08-20 20:03:42.457,382.0
2026-08-20 20:04:42.456,382.0
2026-08-20 20:04:42.458,382.0
2026-08-20 20:05:42.456,382.0
2026-08-20 20:05:42.458,382.0
2026-08-20 20:06:42.457,382.0
2026-08-20 20:06:42.458,382.0
2026-08-20 20:07:42.457,391.0
2026-08-20 20:07:42.458,391.0
2026-08-20 20:08:42.457,391.0
2026-08-20 20:08:42.458,391.0
2026-08-20 20:09:42.457,391.0
2026-08-20 20:09:42.458,391.0
2026-08-20 20:10:42.467,391.0
2026-08-20 20:10:42.468,391.0
2026-08-20 20:11:42.467,391.0
2026-08-20 20:11:42.468,391.0
2026-08-20 20:12:42.468,391.0
2026-08-20 20:12:42.469,391.0
2026-08-20 20:13:42.468,391.0
2026-08-20 20:13:42.469,391.0
2026-08-20 20:14:42.468,391.0
2026-08-20 20:14:42.469,391.0
2026-08-20 20:15:42.468,391.0
2026-08-20 20:15:42.469,391.0
2026-08-20 20:16:42.468,391.0
2026-08-20 20:16:42.469,391.0
2026-08-20 20:17:42.468,391.0
2026-08-20 20:17:42.469,391.0
2026-08-20 20:18:42.468,391.0
2026-08-20 20:18:42.469,391.0
2026-08-20 20:19:42.468,391.0
2026-08-20 20:19:42.470,391.0
2026-08-20 20:20:42.478,391.0
2026-08-20 20:20:42.479,391.0
2026-08-20 20:21:42.478,391.0
2026-08-20 20:21:42.479,391.0
2026-08-20 20:22:42.478,397.0
2026-08-20 20:22:42.479,397.0
2026-08-20 20:23:42.479,397.0
2026-08-20 20:24:42.479,397.0
2026-08-20 20:25:42.479,397.0
2026-08-20 20:25:42.480,397.0
2026-08-20 20:26:42.479,397.0
2026-08-20 20:26:42.480,397.0
2026-08-20 20:27:42.479,397.0
2026-08-20 20:27:42.480,397.0
2026-08-20 20:28:42.480,397.0
2026-08-20 20:29:42.480,397.0
2026-08-20 20:30:42.493,397.0
2026-08-20 20:31:42.493,397.0
2026-08-20 20:32:42.493,397.0
2026-08-20 20:33:42.493,397.0
2026-08-20 20:33:42.494,397.0
2026-08-20 20:34:42.493,397.0
2026-08-20 20:34:42.494,397.0
2026-08-20 20:35:42.493,397.0
2026-08-20 20:35:42.494,397.0
2026-08-20 20:36:42.494,397.0
2026-08-20 20:37:42.494,399.0
2026-08-20 20:38:42.494,399.0
2026-08-20 20:39:42.494,399.0
2026-08-20 20:39:42.495,399.0
2026-08-20 20:40:42.506,399.0
2026-08-20 20:40:42.507,399.0
2026-08-20 20:41:42.506,399.0
2026-08-20 20:41:42.507,399.0
2026-08-20 20:42:42.506,399.0
2026-08-20 20:42:42.507,399.0
2026-08-20 20:43:42.506,399.0
2026-08-20 20:43:42.507,399.0
2026-08-20 20:44:42.506,399.0
2026-08-20 20:44:42.507,399.0
2026-08-20 20:45:42.506,399.0
2026-08-20 20:45:42.507,399.0
2026-08-20 20:46:42.507,399.0
2026-08-20 20:47:42.507,399.0
2026-08-20 20:48:42.507,399.0
2026-08-20 20:49:42.507,399.0
2026-08-20 20:49:42.508,399.0
2026-08-20 20:50:42.520,399.0
2026-08-20 20:51:42.520,399.0
2026-08-20 20:51:42.521,399.0
2026-08-20 20:52:42.520,472.0
2026-08-20 20:52:42.521,472.0
2026-08-20 20:53:42.520,472.0
2026-08-20 20:53:42.521,472.0
2026-08-20 20:54:42.520,472.0
2026-08-20 20:54:42.521,472.0
2026-08-20 20:55:42.520,472.0
2026-08-20 20:55:42.521,472.0
2026-08-20 20:56:42.520,472.0
2026-08-20 20:56:42.521,472.0
2026-08-20 20:57:42.520,472.0
2026-08-20 20:57:42.521,472.0
2026-08-20 20:58:42.521,472.0
2026-08-20 20:59:42.521,472.0
2026-08-20 21:00:42.531,472.0
2026-08-20 21:01:42.531,472.0
2026-08-20 21:02:42.532,472.0
2026-08-20 21:03:42.532,472.0
2026-08-20 21:04:42.532,472.0
2026-08-20 21:05:42.532,472.0
2026-08-20 21:06:42.532,472.0
2026-08-20 21:07:42.532,480.0
2026-08-20 21:08:42.532,480.0
2026-08-20 21:09:42.532,480.0
2026-08-20 21:10:42.544,480.0
2026-08-20 21:11:42.544,480.0
2026-08-20 21:12:42.544,480.0
2026-08-20 21:13:42.544,480.0
2026-08-20 21:14:42.544,480.0
2026-08-20 21:14:42.545,480.0
2026-08-20 21:15:42.544,480.0
2026-08-20 21:15:42.545,480.0
2026-08-20 21:16:42.545,480.0
2026-08-20 21:17:42.545,480.0
2026-08-20 21:18:42.545,480.0
2026-08-20 21:19:42.545,480.0
2026-08-20 21:20:42.557,480.0
2026-08-20 21:21:42.557,480.0
2026-08-20 21:22:42.557,522.0
2026-08-20 21:22:42.558,522.0
2026-08-20 21:23:42.557,522.0
2026-08-20 21:23:42.558,522.0
2026-08-20 21:24:42.557,522.0
2026-08-20 21:24:42.558,522.0
2026-08-20 21:25:42.557,522.0
2026-08-20 21:25:42.558,522.0
2026-08-20 21:26:42.557,522.0
2026-08-20 21:26:42.558,522.0
2026-08-20 21:27:42.558,522.0
2026-08-20 21:27:42.559,522.0
2026-08-20 21:28:42.559,522.0
2026-08-20 21:29:42.559,522.0
2026-08-20 21:30:42.569,522.0
2026-08-20 21:31:42.569,522.0
2026-08-20 21:32:42.569,522.0
2026-08-20 21:33:42.569,522.0
2026-08-20 21:34:42.569,522.0
2026-08-20 21:34:42.570,522.0
2026-08-20 21:35:42.569,522.0
2026-08-20 21:35:42.570,522.0
2026-08-20 21:36:42.570,525.0
2026-08-20 21:37:42.570,525.0
2026-08-20 21:38:42.570,525.0
2026-08-20 21:39:42.570,525.0
2026-08-20 21:40:42.582,525.0
2026-08-20 21:40:42.583,525.0
2026-08-20 21:41:42.583,525.0
2026-08-20 21:42:42.583,525.0
2026-08-20 21:43:42.583,525.0
2026-08-20 21:44:42.583,525.0
2026-08-20 21:44:42.584,525.0
2026-08-20 21:45:42.583,525.0
2026-08-20 21:45:42.584,525.0
2026-08-20 21:46:42.584,525.0
2026-08-20 21:47:42.584,525.0
2026-08-20 21:48:42.584,525.0
2026-08-20 21:49:42.585,525.0
2026-08-20 21:50:42.594,525.0
2026-08-20 21:51:42.595,534.0
2026-08-20 21:52:42.595,534.0
2026-08-20 21:53:42.595,534.0
2026-08-20 21:54:42.595,534.0
2026-08-20 21:55:42.595,534.0
2026-08-20 21:56:42.595,534.0
2026-08-20 21:57:42.595,534.0
2026-08-20 21:57:42.596,534.0
2026-08-20 21:58:42.595,534.0
2026-08-20 21:58:42.596,534.0
2026-08-20 21:59:42.595,534.0
2026-08-20 21:59:42.596,534.0
2026-08-20 22:00:42.605,534.0
2026-08-20 22:01:42.605,534.0
2026-08-20 22:02:42.605,534.0
2026-08-20 22:03:42.605,534.0
2026-08-20 22:04:42.605,534.0
2026-08-20 22:05:42.605,534.0
2026-08-20 22:05:42.606,534.0
2026-08-20 22:06:42.605,3.0
2026-08-20 22:06:42.606,3.0
2026-08-20 22:07:42.605,3.0
2026-08-20 22:07:42.606,3.0
2026-08-20 22:08:42.606,3.0
2026-08-20 22:09:42.606,3.0
2026-08-20 22:10:42.620,3.0
2026-08-20 22:11:42.620,3.0
2026-08-20 22:12:42.620,3.0
2026-08-20 22:13:42.620,3.0
2026-08-20 22:14:42.620,3.0
2026-08-20 22:15:42.620,3.0
2026-08-20 22:15:42.621,3.0
2026-08-20 22:16:42.621,3.0
2026-08-20 22:17:42.621,3.0
2026-08-20 22:18:42.621,3.0
2026-08-20 22:19:42.621,3.0
2026-08-20 22:20:42.634,3.0
2026-08-20 22:21:42.634,6.0
2026-08-20 22:22:42.634,6.0
2026-08-20 22:23:42.634,6.0
2026-08-20 22:24:42.634,6.0
2026-08-20 22:25:42.634,6.0
2026-08-20 22:26:42.634,6.0
2026-08-20 22:27:42.634,6.0
2026-08-20 22:28:42.635,6.0
2026-08-20 22:29:42.635,6.0
2026-08-20 22:30:42.645,6.0
2026-08-20 22:31:42.645,6.0
2026-08-20 22:32:42.645,6.0
2026-08-20 22:33:42.645,6.0
2026-08-20 22:34:42.645,6.0
2026-08-20 22:35:42.645,6.0
2026-08-20 22:36:42.645,11.0
2026-08-20 22:37:42.645,11.0
2026-08-20 22:37:42.646,11.0
2026-08-20 22:38:42.645,11.0
2026-08-20 22:38:42.646,11.0
2026-08-20 22:39:42.646,11.0
2026-08-20 22:40:42.659,11.0
2026-08-20 22:40:42.660,11.0
2026-08-20 22:41:42.659,11.0
2026-08-20 22:41:42.660,11.0
2026-08-20 22:42:42.659,11.0
2026-08-20 22:42:42.660,11.0
2026-08-20 22:43:42.659,11.0
2026-08-20 22:43:42.660,11.0
2026-08-20 22:44:42.660,11.0
2026-08-20 22:45:42.660,11.0
2026-08-20 22:46:42.660,11.0
2026-08-20 22:46:42.661,11.0
2026-08-20 22:47:42.660,11.0
2026-08-20 22:47:42.661,11.0
2026-08-20 22:48:42.660,11.0
2026-08-20 22:48:42.661,11.0
2026-08-20 22:49:42.660,11.0
2026-08-20 22:49:42.661,11.0
2026-08-20 22:50:42.669,11.0
2026-08-20 22:50:42.670,11.0
2026-08-20 22:51:42.669,21.0
2026-08-20 22:51:42.670,21.0
2026-08-20 22:52:42.669,21.0
2026-08-20 22:52:42.671,21.0
2026-08-20 22:53:42.669,21.0
2026-08-20 22:53:42.671,21.0
2026-08-20 22:54:42.669,21.0
2026-08-20 22:54:42.671,21.0
2026-08-20 22:55:42.669,21.0
2026-08-20 22:55:42.671,21.0
2026-08-20 22:56:42.669,21.0
2026-08-20 22:56:42.671,21.0
2026-08-20 22:57:42.670,21.0
2026-08-20 22:57:42.671,21.0
2026-08-20 22:58:42.670,21.0
2026-08-20 22:58:42.671,21.0
2026-08-20 22:59:42.670,21.0
2026-08-20 22:59:42.671,21.0
2026-08-20 23:00:42.682,21.0
2026-08-20 23:00:42.683,21.0
2026-08-20 23:01:42.682,21.0
2026-08-20 23:01:42.684,21.0
2026-08-20 23:02:42.682,21.0
2026-08-20 23:02:42.684,21.0
2026-08-20 23:03:42.683,21.0
2026-08-20 23:03:42.684,21.0
2026-08-20 23:04:42.683,21.0
2026-08-20 23:04:42.684,21.0
2026-08-20 23:05:42.683,21.0
2026-08-20 23:05:42.684,21.0
2026-08-20 23:06:42.683,25.0
2026-08-20 23:06:42.684,25.0
2026-08-20 23:07:42.683,25.0
2026-08-20 23:07:42.684,25.0
2026-08-20 23:08:42.684,25.0
2026-08-20 23:09:42.684,25.0
2026-08-20 23:10:42.695,25.0
2026-08-20 23:11:42.695,25.0
2026-08-20 23:12:42.695,25.0
2026-08-20 23:13:42.695,25.0
2026-08-20 23:14:42.695,25.0
2026-08-20 23:15:42.695,25.0
2026-08-20 23:16:42.696,25.0
2026-08-20 23:17:42.696,25.0
2026-08-20 23:18:42.696,25.0
2026-08-20 23:19:42.696,25.0
2026-08-20 23:20:42.709,25.0
2026-08-20 23:20:42.710,25.0
2026-08-20 23:21:42.710,28.0
2026-08-20 23:22:42.710,28.0
2026-08-20 23:23:42.710,28.0
2026-08-20 23:24:42.710,28.0
2026-08-20 23:25:42.710,28.0
2026-08-20 23:26:42.710,28.0
2026-08-20 23:27:42.711,28.0
2026-08-20 23:28:42.711,28.0
2026-08-20 23:29:42.711,28.0
2026-08-20 23:30:42.720,28.0
2026-08-20 23:31:42.720,28.0
2026-08-20 23:32:42.720,28.0
2026-08-20 23:32:42.721,28.0
2026-08-20 23:33:42.721,28.0
2026-08-20 23:34:42.721,28.0
2026-08-20 23:35:42.721,28.0
2026-08-20 23:36:42.721,32.0
2026-08-20 23:37:42.721,32.0
2026-08-20 23:38:42.721,32.0
2026-08-20 23:39:42.721,32.0
2026-08-20 23:40:42.730,32.0
2026-08-20 23:40:42.731,32.0
2026-08-20 23:41:42.731,32.0
2026-08-20 23:42:42.731,32.0
2026-08-20 23:43:42.731,32.0
2026-08-20 23:44:42.731,32.0
2026-08-20 23:45:42.731,32.0
2026-08-20 23:46:42.731,32.0
2026-08-20 23:47:42.731,32.0
2026-08-20 23:48:42.731,32.0
2026-08-20 23:49:42.731,32.0
2026-08-20 23:50:42.745,32.0
2026-08-20 23:51:42.745,43.0
2026-08-20 23:52:42.745,43.0
2026-08-20 23:53:42.745,43.0
2026-08-20 23:54:42.745,43.0
2026-08-20 23:55:42.745,43.0
2026-08-20 23:56:42.745,43.0
2026-08-20 23:57:42.746,43.0
2026-08-20 23:58:42.746,43.0
2026-08-20 23:59:42.746,43.0
2026-08-21 00:00:42.759,43.0
2026-08-21 00:01:42.759,43.0
2026-08-21 00:02:42.759,43.0
2026-08-21 00:02:42.760,43.0
2026-08-21 00:03:42.759,43.0
2026-08-21 00:03:42.760,43.0
2026-08-21 00:04:42.759,43.0
2026-08-21 00:04:42.760,43.0
2026-08-21 00:05:42.759,43.0
2026-08-21 00:05:42.760,43.0
2026-08-21 00:06:42.760,43.0
2026-08-21 00:07:42.760,43.0
2026-08-21 00:08:42.760,43.0
2026-08-21 00:09:42.760,43.0
2026-08-21 00:10:42.771,43.0
2026-08-21 00:11:42.771,43.0
2026-08-21 00:12:42.771,43.0
2026-08-21 00:13:42.771,43.0
2026-08-21 00:13:42.772,43.0
2026-08-21 00:14:42.771,43.0
2026-08-21 00:14:42.772,43.0
2026-08-21 00:15:42.771,43.0
2026-08-21 00:15:42.772,43.0
2026-08-21 00:16:42.772,43.0
2026-08-21 00:17:42.772,43.0
2026-08-21 00:18:42.772,43.0
2026-08-21 00:19:42.772,43.0
2026-08-21 00:19:42.773,43.0
2026-08-21 00:20:42.785,45.0
2026-08-21 00:21:42.785,45.0
2026-08-21 00:22:42.785,45.0
2026-08-21 00:23:42.785,45.0
2026-08-21 00:24:42.785,45.0
2026-08-21 00:25:42.785,45.0
2026-08-21 00:26:42.785,45.0
2026-08-21 00:27:42.785,45.0
2026-08-21 00:27:42.786,45.0
2026-08-21 00:28:42.785,45.0
2026-08-21 00:28:42.786,45.0
2026-08-21 00:29:42.785,45.0
2026-08-21 00:29:42.786,45.0
2026-08-21 00:30:42.797,45.0
2026-08-21 00:31:42.797,45.0
2026-08-21 00:32:42.797,45.0
2026-08-21 00:32:42.798,45.0
2026-08-21 00:33:42.797,45.0
2026-08-21 00:33:42.798,45.0
2026-08-21 00:34:42.797,45.0
2026-08-21 00:34:42.798,45.0
2026-08-21 00:35:42.797,52.0
2026-08-21 00:35:42.798,52.0
2026-08-21 00:36:42.797,52.0
2026-08-21 00:36:42.798,52.0
2026-08-21 00:37:42.797,52.0
2026-08-21 00:37:42.798,52.0
2026-08-21 00:38:42.798,52.0
2026-08-21 01:05:20.475,65.0
2026-08-21 01:06:20.475,65.0
2026-08-21 01:07:20.475,65.0
2026-08-21 01:11:55.929,65.0
2026-08-21 01:11:55.930,65.0
2026-08-21 01:12:55.930,65.0
2026-08-21 01:13:55.930,65.0
2026-08-21 01:14:55.930,65.0
2026-08-21 01:15:55.930,65.0
2026-08-21 01:16:55.930,65.0
2026-08-21 01:17:55.930,65.0
2026-08-21 01:18:55.930,65.0
2026-08-21 01:19:55.930,65.0
2026-08-21 01:20:55.942,73.0
2026-08-21 01:21:55.942,73.0
2026-08-21 01:22:55.942,73.0
2026-08-21 01:23:55.942,73.0
2026-08-21 01:24:55.942,73.0
2026-08-21 01:25:55.942,73.0
2026-08-21 01:26:55.942,73.0
2026-08-21 01:27:55.942,73.0
2026-08-21 01:28:55.942,73.0
2026-08-21 01:29:55.942,73.0
2026-08-21 01:30:55.951,73.0
2026-08-21 01:31:55.951,73.0
2026-08-21 01:32:55.951,73.0
2026-08-21 01:33:55.951,73.0
2026-08-21 01:34:55.951,73.0
2026-08-21 01:34:55.952,73.0
2026-08-21 01:35:55.951,79.0
2026-08-21 01:35:55.952,79.0
2026-08-21 01:36:55.951,79.0
2026-08-21 01:36:55.952,79.0
2026-08-21 01:37:55.951,79.0
2026-08-21 01:37:55.952,79.0
2026-08-21 01:38:55.951,79.0
2026-08-21 01:38:55.952,79.0
2026-08-21 01:39:55.951,79.0
2026-08-21 01:39:55.952,79.0
2026-08-21 01:40:55.963,79.0
2026-08-21 01:41:55.963,79.0
2026-08-21 01:42:55.963,79.0
2026-08-21 01:43:55.963,79.0
2026-08-21 01:44:55.963,79.0
2026-08-21 01:45:55.963,79.0
2026-08-21 01:45:55.964,79.0
2026-08-21 01:46:55.963,79.0
2026-08-21 01:46:55.964,79.0
2026-08-21 01:47:55.963,79.0
2026-08-21 01:47:55.964,79.0
2026-08-21 01:48:55.963,79.0
2026-08-21 01:48:55.964,79.0
2026-08-21 01:49:55.963,79.0
2026-08-21 01:49:55.964,79.0
2026-08-21 01:50:55.980,80.0
2026-08-21 01:51:55.980,80.0
2026-08-21 01:52:55.980,80.0
2026-08-21 01:53:55.980,80.0
2026-08-21 01:53:55.981,80.0
2026-08-21 01:54:55.980,80.0
2026-08-21 01:54:55.981,80.0
2026-08-21 01:55:55.980,80.0
2026-08-21 01:55:55.981,80.0
2026-08-21 01:56:55.981,80.0
2026-08-21 01:57:55.981,80.0
2026-08-21 01:58:55.981,80.0
2026-08-21 01:59:55.981,80.0
2026-08-21 01:59:55.982,80.0
2026-08-21 02:00:55.993,80.0
2026-08-21 02:00:55.994,80.0
2026-08-21 02:01:55.993,80.0
2026-08-21 02:01:55.994,80.0
2026-08-21 02:02:55.993,80.0
2026-08-21 02:02:55.994,80.0
2026-08-21 02:03:55.993,80.0
2026-08-21 02:03:55.994,80.0
2026-08-21 02:04:55.993,80.0
2026-08-21 02:04:55.994,80.0
2026-08-21 02:05:55.994,97.0
2026-08-21 02:06:55.994,97.0
2026-08-21 02:07:55.994,97.0
2026-08-21 02:08:55.994,97.0
2026-08-21 02:09:55.994,97.0
2026-08-21 02:10:56.005,97.0
2026-08-21 02:11:56.005,97.0
2026-08-21 02:12:56.005,97.0
2026-08-21 02:13:56.005,97.0
2026-08-21 02:13:56.006,97.0
2026-08-21 02:14:56.005,97.0
2026-08-21 02:14:56.006,97.0
2026-08-21 02:15:56.005,97.0
2026-08-21 02:15:56.006,97.0
2026-08-21 02:16:56.006,97.0
2026-08-21 02:17:56.006,97.0
2026-08-21 02:18:56.006,97.0
2026-08-21 02:18:56.007,97.0
2026-08-21 02:19:56.006,97.0
2026-08-21 02:19:56.007,97.0
2026-08-21 02:20:56.019,105.0
2026-08-21 02:20:56.020,105.0
2026-08-21 02:21:56.019,105.0
2026-08-21 02:21:56.020,105.0
2026-08-21 02:22:56.019,105.0
2026-08-21 02:22:56.020,105.0
2026-08-21 02:23:56.019,105.0
2026-08-21 02:23:56.021,105.0
2026-08-21 02:24:56.019,105.0
2026-08-21 02:24:56.021,105.0
2026-08-21 02:25:56.019,105.0
2026-08-21 02:25:56.021,105.0
2026-08-21 02:26:56.019,105.0
2026-08-21 02:26:56.021,105.0
2026-08-21 02:27:56.019,105.0
2026-08-21 02:27:56.021,105.0
2026-08-21 02:28:56.019,105.0
2026-08-21 02:28:56.021,105.0
2026-08-21 02:29:56.019,105.0
2026-08-21 02:29:56.021,105.0
2026-08-21 02:30:56.032,105.0
2026-08-21 02:30:56.033,105.0
2026-08-21 02:31:56.032,105.0
2026-08-21 02:31:56.033,105.0
2026-08-21 02:32:56.032,105.0
2026-08-21 02:32:56.034,105.0
2026-08-21 02:33:56.032,105.0
2026-08-21 02:33:56.034,105.0
2026-08-21 02:34:56.032,109.0
2026-08-21 02:34:56.034,109.0
2026-08-21 02:35:56.032,109.0
2026-08-21 02:35:56.034,109.0
2026-08-21 02:36:56.032,109.0
2026-08-21 02:36:56.034,109.0
2026-08-21 02:37:56.032,109.0
2026-08-21 02:37:56.034,109.0
2026-08-21 02:38:56.032,109.0
2026-08-21 02:38:56.034,109.0
2026-08-21 02:39:56.032,109.0
2026-08-21 02:39:56.034,109.0
2026-08-21 02:40:56.043,109.0
2026-08-21 02:40:56.045,109.0
2026-08-21 02:41:56.043,109.0
2026-08-21 02:41:56.045,109.0
2026-08-21 02:42:56.043,109.0
2026-08-21 02:42:56.045,109.0
2026-08-21 02:43:56.043,109.0
2026-08-21 02:43:56.045,109.0
2026-08-21 02:44:56.043,109.0
2026-08-21 02:44:56.045,109.0
2026-08-21 02:45:56.043,109.0
2026-08-21 02:45:56.045,109.0
2026-08-21 02:46:56.044,109.0
2026-08-21 02:46:56.045,109.0
2026-08-21 02:47:56.044,109.0
2026-08-21 02:47:56.045,109.0
2026-08-21 02:48:56.044,109.0
2026-08-21 02:48:56.045,109.0
2026-08-21 02:49:56.044,113.0
2026-08-21 02:49:56.045,113.0
2026-08-21 02:50:56.057,113.0
2026-08-21 02:50:56.058,113.0
2026-08-21 02:51:56.057,113.0
2026-08-21 02:51:56.058,113.0
2026-08-21 02:52:56.057,113.0
2026-08-21 02:52:56.058,113.0
2026-08-21 02:53:56.057,113.0
2026-08-21 02:53:56.059,113.0
2026-08-21 02:54:56.057,113.0
2026-08-21 02:54:56.059,113.0
2026-08-21 02:55:56.058,113.0
2026-08-21 02:55:56.059,113.0
2026-08-21 02:56:56.058,113.0
2026-08-21 02:56:56.059,113.0
2026-08-21 02:57:56.058,113.0
2026-08-21 02:57:56.059,113.0
2026-08-21 02:58:56.058,113.0
2026-08-21 02:58:56.059,113.0
2026-08-21 02:59:56.058,113.0
2026-08-21 02:59:56.059,113.0
2026-08-21 03:00:56.070,113.0
2026-08-21 03:00:56.071,113.0
2026-08-21 03:01:56.070,113.0
2026-08-21 03:01:56.071,113.0
2026-08-21 03:02:56.070,113.0
2026-08-21 03:02:56.072,113.0
2026-08-21 03:03:56.070,113.0
2026-08-21 03:03:56.072,113.0
2026-08-21 03:04:56.071,127.0
2026-08-21 03:04:56.072,127.0
2026-08-21 03:05:56.071,127.0
2026-08-21 03:05:56.072,127.0
2026-08-21 03:06:56.071,127.0
2026-08-21 03:06:56.072,127.0
2026-08-21 03:07:56.071,127.0
2026-08-21 03:07:56.072,127.0
2026-08-21 03:08:56.071,127.0
2026-08-21 03:08:56.072,127.0
2026-08-21 03:09:56.071,127.0
2026-08-21 03:09:56.072,127.0
2026-08-21 03:10:56.082,127.0
2026-08-21 03:10:56.084,127.0
2026-08-21 03:11:56.082,127.0
2026-08-21 03:11:56.084,127.0
2026-08-21 03:12:56.083,127.0
2026-08-21 03:12:56.084,127.0
2026-08-21 03:13:56.083,127.0
2026-08-21 03:13:56.084,127.0
2026-08-21 03:14:56.083,127.0
2026-08-21 03:14:56.084,127.0
2026-08-21 03:15:56.083,127.0
2026-08-21 03:15:56.084,127.0
2026-08-21 03:16:56.083,127.0
2026-08-21 03:16:56.084,127.0
2026-08-21 03:17:56.083,127.0
2026-08-21 03:17:56.084,127.0
2026-08-21 03:18:56.083,127.0
2026-08-21 03:18:56.084,127.0
2026-08-21 03:19:56.084,138.0
2026-08-21 03:20:56.095,138.0
2026-08-21 03:20:56.096,138.0
2026-08-21 03:21:56.095,138.0
2026-08-21 03:21:56.096,138.0
2026-08-21 03:22:56.096,138.0
2026-08-21 03:22:56.097,138.0
2026-08-21 03:23:56.096,138.0
2026-08-21 03:23:56.097,138.0
2026-08-21 03:24:56.096,138.0
2026-08-21 03:24:56.097,138.0
2026-08-21 03:25:56.096,138.0
2026-08-21 03:25:56.097,138.0
2026-08-21 03:26:56.096,138.0
2026-08-21 03:26:56.097,138.0
2026-08-21 03:27:56.096,138.0
2026-08-21 03:27:56.097,138.0
2026-08-21 03:28:56.097,138.0
2026-08-21 03:29:56.097,138.0
2026-08-21 03:30:56.108,138.0
2026-08-21 03:31:56.108,138.0
2026-08-21 03:32:56.108,138.0
2026-08-21 03:32:56.109,138.0
2026-08-21 03:33:56.109,138.0
2026-08-21 03:34:56.109,142.0
2026-08-21 03:35:56.109,142.0
2026-08-21 03:36:56.109,142.0
2026-08-21 03:37:56.109,142.0
2026-08-21 03:38:56.109,142.0
2026-08-21 03:38:56.110,142.0
2026-08-21 03:39:56.109,142.0
2026-08-21 03:39:56.110,142.0
2026-08-21 03:40:56.121,142.0
2026-08-21 03:41:56.121,142.0
2026-08-21 03:42:56.121,142.0
2026-08-21 03:42:56.122,142.0
2026-08-21 03:43:56.121,142.0
2026-08-21 03:43:56.122,142.0
2026-08-21 03:44:56.121,142.0
2026-08-21 03:44:56.122,142.0
2026-08-21 03:45:56.121,142.0
2026-08-21 03:45:56.122,142.0
2026-08-21 03:46:56.121,142.0
2026-08-21 03:46:56.122,142.0
2026-08-21 03:47:56.121,142.0
2026-08-21 03:47:56.122,142.0
2026-08-21 03:48:56.121,142.0
2026-08-21 03:48:56.122,142.0
2026-08-21 03:49:56.122,155.0
2026-08-21 03:50:56.133,155.0
2026-08-21 03:51:56.133,155.0
2026-08-21 03:52:56.133,155.0
2026-08-21 03:53:56.133,155.0
2026-08-21 03:53:56.134,155.0
2026-08-21 03:54:56.134,155.0
2026-08-21 03:55:56.134,155.0
2026-08-21 03:56:56.134,155.0
2026-08-21 03:57:56.134,155.0
2026-08-21 03:58:56.134,155.0
2026-08-21 03:59:56.134,155.0
2026-08-21 04:00:56.148,155.0
2026-08-21 04:01:56.148,155.0
2026-08-21 04:02:56.148,155.0
2026-08-21 04:03:56.148,155.0
2026-08-21 04:03:56.149,155.0
2026-08-21 04:04:56.148,160.0
2026-08-21 04:04:56.149,160.0
2026-08-21 04:05:56.148,160.0
2026-08-21 04:05:56.149,160.0
2026-08-21 04:06:56.149,160.0
2026-08-21 04:07:56.149,160.0
2026-08-21 04:08:56.149,160.0
2026-08-21 04:09:56.149,160.0
2026-08-21 04:10:56.160,160.0
2026-08-21 04:11:56.160,160.0
2026-08-21 04:11:56.161,160.0
2026-08-21 04:12:56.160,160.0
2026-08-21 04:12:56.161,160.0
2026-08-21 04:13:56.160,160.0
2026-08-21 04:13:56.161,160.0
2026-08-21 04:14:56.160,160.0
2026-08-21 04:14:56.161,160.0
2026-08-21 04:15:56.160,160.0
2026-08-21 04:15:56.161,160.0
2026-08-21 04:16:56.161,160.0
2026-08-21 04:17:56.161,160.0
2026-08-21 04:18:56.161,160.0
2026-08-21 04:18:56.162,160.0
2026-08-21 04:19:56.162,164.0
2026-08-21 04:20:56.174,164.0
2026-08-21 04:21:56.174,164.0
2026-08-21 04:22:56.174,164.0
2026-08-21 04:23:56.174,164.0
2026-08-21 04:24:56.174,164.0
2026-08-21 04:25:56.175,164.0
2026-08-21 04:26:56.175,164.0
2026-08-21 04:27:56.175,164.0
2026-08-21 04:28:56.175,164.0
2026-08-21 04:29:56.175,164.0
2026-08-21 04:30:56.187,164.0
2026-08-21 04:31:56.187,164.0
2026-08-21 04:32:56.187,164.0
2026-08-21 04:32:56.188,164.0
2026-08-21 04:33:56.187,164.0
2026-08-21 04:33:56.188,164.0
2026-08-21 04:34:56.188,171.0
2026-08-21 04:35:56.188,171.0
2026-08-21 04:36:56.188,171.0
2026-08-21 04:37:56.188,171.0
2026-08-21 04:38:56.188,171.0
2026-08-21 04:39:56.188,171.0
2026-08-21 04:39:56.189,171.0
2026-08-21 04:40:56.199,171.0
2026-08-21 04:41:56.199,171.0
2026-08-21 04:41:56.200,171.0
2026-08-21 04:42:56.199,171.0
2026-08-21 04:42:56.200,171.0
2026-08-21 04:43:56.199,171.0
2026-08-21 04:43:56.200,171.0
2026-08-21 04:44:56.199,171.0
2026-08-21 04:44:56.200,171.0
2026-08-21 04:45:56.200,171.0
2026-08-21 04:46:56.200,171.0
2026-08-21 04:47:56.200,171.0
2026-08-21 04:48:56.200,171.0
2026-08-21 04:49:56.200,174.0
2026-08-21 04:50:56.209,174.0
2026-08-21 04:51:56.209,174.0
2026-08-21 04:51:56.210,174.0
2026-08-21 04:52:56.210,174.0
2026-08-21 04:53:56.210,174.0
2026-08-21 04:54:56.210,174.0
2026-08-21 04:55:56.210,174.0
2026-08-21 04:56:56.210,174.0
2026-08-21 04:57:56.210,174.0
2026-08-21 04:57:56.211,174.0
2026-08-21 04:58:56.210,174.0
2026-08-21 04:58:56.211,174.0
2026-08-21 04:59:56.210,174.0
2026-08-21 04:59:56.211,174.0
2026-08-21 05:00:56.220,174.0
2026-08-21 05:00:56.221,174.0
2026-08-21 05:01:56.220,174.0
2026-08-21 05:01:56.221,174.0
2026-08-21 05:02:56.220,174.0
2026-08-21 05:02:56.221,174.0
2026-08-21 05:03:56.220,179.0
2026-08-21 05:03:56.222,179.0
2026-08-21 05:04:56.220,179.0
2026-08-21 05:04:56.222,179.0
2026-08-21 05:05:56.221,179.0
2026-08-21 05:05:56.222,179.0
2026-08-21 05:06:56.221,179.0
2026-08-21 05:06:56.222,179.0
2026-08-21 05:07:56.221,179.0
2026-08-21 05:07:56.222,179.0
2026-08-21 05:08:56.221,179.0
2026-08-21 05:08:56.222,179.0
2026-08-21 05:09:56.221,179.0
2026-08-21 05:09:56.222,179.0
2026-08-21 05:10:56.239,179.0
2026-08-21 05:11:56.239,179.0
2026-08-21 05:11:56.240,179.0
2026-08-21 05:12:56.239,179.0
2026-08-21 05:12:56.240,179.0
2026-08-21 05:13:56.239,179.0
2026-08-21 05:13:56.240,179.0
2026-08-21 05:14:56.239,179.0
2026-08-21 05:14:56.240,179.0
2026-08-21 05:15:56.239,179.0
2026-08-21 05:15:56.240,179.0
2026-08-21 05:16:56.239,179.0
2026-08-21 05:16:56.240,179.0
2026-08-21 05:17:56.239,179.0
2026-08-21 05:17:56.240,179.0
2026-08-21 05:18:56.239,187.0
2026-08-21 05:18:56.240,187.0
2026-08-21 05:19:56.239,187.0
2026-08-21 05:19:56.240,187.0
2026-08-21 05:20:56.252,187.0
2026-08-21 05:20:56.253,187.0
2026-08-21 05:21:56.252,187.0
2026-08-21 05:21:56.253,187.0
2026-08-21 05:22:56.252,187.0
2026-08-21 05:22:56.253,187.0
2026-08-21 05:23:56.252,187.0
2026-08-21 05:23:56.253,187.0
2026-08-21 05:24:56.252,187.0
2026-08-21 05:24:56.253,187.0
2026-08-21 05:25:56.252,187.0
2026-08-21 05:25:56.253,187.0
2026-08-21 05:26:56.252,187.0
2026-08-21 05:26:56.253,187.0
2026-08-21 05:27:56.253,187.0
2026-08-21 05:28:56.253,187.0
2026-08-21 05:29:56.253,187.0
2026-08-21 05:30:56.264,187.0
2026-08-21 05:31:56.264,187.0
2026-08-21 05:31:56.265,187.0
2026-08-21 05:32:56.264,187.0
2026-08-21 05:32:56.265,187.0
2026-08-21 05:33:56.264,193.0
2026-08-21 05:33:56.265,193.0
2026-08-21 05:34:56.265,193.0
2026-08-21 05:35:56.265,193.0
2026-08-21 05:36:56.265,193.0
2026-08-21 05:37:56.265,193.0
2026-08-21 05:38:56.265,193.0
2026-08-21 05:39:56.265,193.0
2026-08-21 05:40:56.279,193.0
2026-08-21 05:41:56.279,193.0
2026-08-21 05:42:56.279,193.0
2026-08-21 05:43:56.279,193.0
2026-08-21 05:44:56.279,193.0
2026-08-21 05:45:56.279,193.0
2026-08-21 05:46:56.279,193.0
2026-08-21 05:47:56.279,193.0
2026-08-21 05:48:56.279,195.0
2026-08-21 05:49:56.279,195.0
2026-08-21 05:50:56.291,195.0
2026-08-21 05:51:56.291,195.0
2026-08-21 05:52:56.291,195.0
2026-08-21 05:52:56.292,195.0
2026-08-21 05:53:56.291,195.0
2026-08-21 05:53:56.292,195.0
2026-08-21 05:54:56.292,195.0
2026-08-21 05:55:56.292,195.0
2026-08-21 05:56:56.292,195.0
2026-08-21 05:57:56.292,195.0
2026-08-21 05:58:56.292,195.0
2026-08-21 05:59:56.292,195.0
2026-08-21 06:00:56.302,195.0
2026-08-21 06:01:56.302,195.0
2026-08-21 06:02:56.302,195.0
2026-08-21 06:03:56.302,200.0
2026-08-21 06:04:56.302,200.0
2026-08-21 06:05:56.302,200.0
2026-08-21 06:05:56.303,200.0
2026-08-21 06:06:56.302,200.0
2026-08-21 06:06:56.303,200.0
2026-08-21 06:07:56.302,200.0
2026-08-21 06:07:56.303,200.0
2026-08-21 06:08:56.303,200.0
2026-08-21 06:09:56.303,200.0
2026-08-21 06:10:56.315,200.0
2026-08-21 06:11:56.315,200.0
2026-08-21 06:12:56.315,200.0
2026-08-21 06:13:56.315,200.0
2026-08-21 06:13:56.316,200.0
2026-08-21 06:14:56.315,200.0
2026-08-21 06:14:56.316,200.0
2026-08-21 06:15:56.315,200.0
2026-08-21 06:15:56.316,200.0
2026-08-21 06:16:56.315,200.0
2026-08-21 06:16:56.316,200.0
2026-08-21 06:17:56.315,200.0
2026-08-21 06:17:56.316,200.0
2026-08-21 06:18:56.316,203.0
2026-08-21 06:19:56.316,203.0
2026-08-21 06:20:56.330,203.0
2026-08-21 06:20:56.331,203.0
2026-08-21 06:21:56.330,203.0
2026-08-21 06:21:56.331,203.0
2026-08-21 06:22:56.330,203.0
2026-08-21 06:22:56.331,203.0
2026-08-21 06:23:56.330,203.0
2026-08-21 06:23:56.331,203.0
2026-08-21 06:24:56.330,203.0
2026-08-21 06:24:56.331,203.0
2026-08-21 06:25:56.330,203.0
2026-08-21 06:25:56.331,203.0
2026-08-21 06:26:56.331,203.0
2026-08-21 06:26:56.332,203.0
2026-08-21 06:27:56.331,203.0
2026-08-21 06:27:56.332,203.0
2026-08-21 06:28:56.331,203.0
2026-08-21 06:28:56.332,203.0
2026-08-21 06:29:56.332,203.0
2026-08-21 06:30:56.341,203.0
2026-08-21 06:30:56.342,203.0
2026-08-21 06:31:56.341,203.0
2026-08-21 06:31:56.342,203.0
2026-08-21 06:32:56.341,203.0
2026-08-21 06:32:56.342,203.0
2026-08-21 06:33:56.341,208.0
2026-08-21 06:33:56.342,208.0
2026-08-21 06:34:56.342,208.0
2026-08-21 06:35:56.342,208.0
2026-08-21 06:36:56.342,208.0
2026-08-21 06:37:56.342,208.0
2026-08-21 06:38:56.342,208.0
2026-08-21 06:39:56.342,208.0
2026-08-21 06:39:56.343,208.0
2026-08-21 06:40:56.356,208.0
2026-08-21 06:41:56.357,208.0
2026-08-21 06:42:56.357,208.0
2026-08-21 06:43:56.357,208.0
2026-08-21 06:44:56.357,208.0
2026-08-21 06:45:56.357,208.0
2026-08-21 06:46:56.357,208.0
2026-08-21 06:47:56.357,208.0
2026-08-21 06:48:56.357,208.0
2026-08-21 06:48:56.358,208.0
2026-08-21 06:49:56.357,208.0
2026-08-21 06:49:56.358,208.0
2026-08-21 06:50:56.369,208.0
2026-08-21 06:51:56.369,208.0
2026-08-21 06:52:56.369,208.0
2026-08-21 06:53:56.369,208.0
2026-08-21 06:53:56.370,208.0
2026-08-21 06:54:56.370,208.0
2026-08-21 06:55:56.370,208.0
2026-08-21 06:56:56.370,208.0
2026-08-21 06:57:56.370,208.0
2026-08-21 06:58:56.370,208.0
2026-08-21 06:58:56.371,208.0
2026-08-21 06:59:56.370,208.0
2026-08-21 06:59:56.371,208.0
2026-08-21 07:00:56.381,208.0
2026-08-21 07:00:56.382,208.0
2026-08-21 07:01:56.382,208.0
2026-08-21 07:02:56.382,208.0
2026-08-21 07:03:56.382,216.0
2026-08-21 07:04:56.382,216.0
2026-08-21 07:05:56.382,216.0
2026-08-21 07:06:56.382,216.0
2026-08-21 07:06:56.383,216.0
2026-08-21 07:07:56.382,216.0
2026-08-21 07:07:56.383,216.0
2026-08-21 07:08:56.382,216.0
2026-08-21 07:08:56.383,216.0
2026-08-21 07:09:56.383,216.0
2026-08-21 07:10:56.393,216.0
2026-08-21 07:10:56.394,216.0
2026-08-21 07:11:56.393,216.0
2026-08-21 07:11:56.394,216.0
2026-08-21 07:12:56.393,216.0
2026-08-21 07:12:56.394,216.0
2026-08-21 07:13:56.394,216.0
2026-08-21 07:14:56.394,216.0
2026-08-21 07:15:56.394,216.0
2026-08-21 07:16:56.394,216.0
2026-08-21 07:17:56.394,216.0
2026-08-21 07:18:56.394,228.0
2026-08-21 07:18:56.395,228.0
2026-08-21 07:19:56.395,228.0
2026-08-21 07:20:56.406,228.0
2026-08-21 07:21:56.406,228.0
2026-08-21 07:22:56.406,228.0
2026-08-21 07:22:56.407,228.0
2026-08-21 07:23:56.407,228.0
2026-08-21 07:24:56.407,228.0
2026-08-21 07:25:56.407,228.0
2026-08-21 07:26:56.407,228.0
2026-08-21 07:27:56.407,228.0
2026-08-21 07:28:56.407,228.0
2026-08-21 07:29:56.407,228.0
2026-08-21 07:30:56.419,228.0
2026-08-21 07:31:56.419,228.0
2026-08-21 07:32:56.419,228.0
2026-08-21 07:33:56.419,228.0
2026-08-21 07:34:56.419,228.0
2026-08-21 07:34:56.420,228.0
2026-08-21 07:35:56.419,228.0
2026-08-21 07:35:56.420,228.0
2026-08-21 07:36:56.419,228.0
2026-08-21 07:36:56.420,228.0
2026-08-21 07:37:56.419,228.0
2026-08-21 07:37:56.420,228.0
2026-08-21 07:38:56.419,228.0
2026-08-21 07:38:56.420,228.0
2026-08-21 07:39:56.420,228.0
2026-08-21 07:40:56.433,228.0
2026-08-21 07:41:56.433,228.0
2026-08-21 07:42:56.433,228.0
2026-08-21 07:43:56.433,228.0
2026-08-21 07:44:56.433,228.0
2026-08-21 07:45:56.433,228.0
2026-08-21 07:45:56.434,228.0
2026-08-21 07:46:56.434,228.0
2026-08-21 07:47:56.434,235.0
2026-08-21 07:48:56.434,235.0
2026-08-21 07:49:56.435,235.0
2026-08-21 07:50:56.447,235.0
2026-08-21 07:51:56.447,235.0
2026-08-21 07:52:56.448,235.0
2026-08-21 07:53:56.448,235.0
2026-08-21 07:54:56.448,235.0
2026-08-21 07:55:56.448,235.0
2026-08-21 07:56:56.448,235.0
2026-08-21 07:57:56.449,235.0
2026-08-21 07:58:56.449,235.0
2026-08-21 07:59:56.449,235.0
2026-08-21 08:00:56.461,235.0
2026-08-21 08:01:56.461,235.0
2026-08-21 08:02:56.461,239.0
2026-08-21 08:03:56.461,239.0
2026-08-21 08:04:56.461,239.0
2026-08-21 08:05:56.461,239.0
2026-08-21 08:06:56.461,239.0
2026-08-21 08:07:56.461,239.0
2026-08-21 08:08:56.462,239.0
2026-08-21 08:09:56.462,239.0
2026-08-21 08:10:56.472,239.0
2026-08-21 08:11:56.472,239.0
2026-08-21 08:11:56.473,239.0
2026-08-21 08:12:56.472,239.0
2026-08-21 08:12:56.473,239.0
2026-08-21 08:13:56.472,239.0
2026-08-21 08:13:56.473,239.0
2026-08-21 08:14:56.473,239.0
2026-08-21 08:15:56.473,239.0
2026-08-21 08:16:56.473,239.0
2026-08-21 08:17:56.473,282.0
2026-08-21 08:18:56.473,282.0
2026-08-21 08:19:56.473,282.0
2026-08-21 08:20:56.486,282.0
2026-08-21 08:21:56.486,282.0
2026-08-21 08:22:56.486,282.0
2026-08-21 08:23:56.486,282.0
2026-08-21 08:24:56.486,282.0
2026-08-21 08:24:56.487,282.0
2026-08-21 08:25:56.486,282.0
2026-08-21 08:25:56.487,282.0
2026-08-21 08:26:56.487,282.0
2026-08-21 08:27:56.487,282.0
2026-08-21 08:28:56.487,282.0
2026-08-21 08:29:56.487,282.0
2026-08-21 08:30:56.497,282.0
2026-08-21 08:31:56.497,282.0
2026-08-21 08:32:56.497,288.0
2026-08-21 08:33:56.497,288.0
2026-08-21 08:34:56.497,288.0
2026-08-21 08:35:56.497,288.0
2026-08-21 08:36:56.497,288.0
2026-08-21 08:36:56.498,288.0
2026-08-21 08:37:56.497,288.0
2026-08-21 08:37:56.498,288.0
2026-08-21 08:38:56.498,288.0
2026-08-21 08:39:56.498,288.0
2026-08-21 08:40:56.506,288.0
2026-08-21 08:41:56.506,288.0
2026-08-21 08:42:56.506,288.0
2026-08-21 08:43:56.506,288.0
2026-08-21 08:44:56.506,288.0
2026-08-21 08:44:56.507,288.0
2026-08-21 08:45:56.506,288.0
2026-08-21 08:45:56.507,288.0
2026-08-21 08:46:56.506,288.0
2026-08-21 08:46:56.507,288.0
2026-08-21 08:47:56.506,290.0
2026-08-21 08:47:56.507,290.0
2026-08-21 08:48:56.506,290.0
2026-08-21 08:48:56.507,290.0
2026-08-21 08:49:56.506,290.0
2026-08-21 08:49:56.507,290.0
2026-08-21 08:50:56.522,290.0
2026-08-21 08:51:56.522,290.0
2026-08-21 08:52:56.522,290.0
2026-08-21 08:53:56.522,290.0
2026-08-21 08:54:56.522,290.0
2026-08-21 08:54:56.523,290.0
2026-08-21 08:55:56.523,290.0
2026-08-21 08:56:56.523,290.0
2026-08-21 08:57:56.523,290.0
2026-08-21 08:58:56.523,290.0
2026-08-21 08:59:56.523,290.0
2026-08-21 09:00:56.537,290.0
2026-08-21 09:01:56.537,290.0
2026-08-21 09:02:56.537,304.0
2026-08-21 09:03:56.537,304.0
2026-08-21 09:03:56.538,304.0
2026-08-21 09:04:56.538,304.0
2026-08-21 09:05:56.538,304.0
2026-08-21 09:06:56.538,304.0
2026-08-21 09:07:56.538,304.0
2026-08-21 09:08:56.538,304.0
2026-08-21 09:09:56.538,304.0
2026-08-21 09:10:56.549,304.0
2026-08-21 09:11:56.549,304.0
2026-08-21 09:12:56.549,304.0
2026-08-21 09:13:56.549,304.0
2026-08-21 09:14:56.549,304.0
2026-08-21 09:15:56.549,304.0
2026-08-21 09:15:56.550,304.0
2026-08-21 09:16:56.549,304.0
2026-08-21 09:16:56.550,304.0
2026-08-21 09:17:56.550,326.0
2026-08-21 09:18:56.550,326.0
2026-08-21 09:19:56.550,326.0
2026-08-21 09:19:56.553,326.0
2026-08-21 09:20:56.564,326.0
2026-08-21 09:20:56.567,326.0
2026-08-21 09:21:56.564,326.0
2026-08-21 09:21:56.567,326.0
2026-08-21 09:22:56.564,326.0
2026-08-21 09:22:56.567,326.0
2026-08-21 09:23:56.565,326.0
2026-08-21 09:23:56.567,326.0
2026-08-21 09:24:56.565,326.0
2026-08-21 09:24:56.567,326.0
2026-08-21 09:25:56.565,326.0
2026-08-21 09:25:56.567,326.0
2026-08-21 09:26:56.565,326.0
2026-08-21 09:26:56.567,326.0
2026-08-21 09:27:56.565,326.0
2026-08-21 09:27:56.567,326.0
2026-08-21 09:28:56.565,326.0
2026-08-21 09:28:56.567,326.0
2026-08-21 09:29:56.565,326.0
2026-08-21 09:29:56.567,326.0
2026-08-21 09:30:56.574,326.0
2026-08-21 09:30:56.577,326.0
2026-08-21 09:31:56.574,326.0
2026-08-21 09:31:56.577,326.0
2026-08-21 09:32:56.574,339.0
2026-08-21 09:32:56.577,339.0
2026-08-21 09:33:56.574,339.0
2026-08-21 09:33:56.577,339.0
2026-08-21 09:34:56.575,339.0
2026-08-21 09:34:56.577,339.0
2026-08-21 09:35:56.575,339.0
2026-08-21 09:35:56.577,339.0
2026-08-21 09:36:56.575,339.0
2026-08-21 09:36:56.577,339.0
2026-08-21 09:37:56.575,339.0
2026-08-21 09:37:56.577,339.0
2026-08-21 09:38:56.575,339.0
2026-08-21 09:38:56.577,339.0
2026-08-21 09:39:56.576,339.0
2026-08-21 09:39:56.577,339.0
2026-08-21 09:40:56.589,339.0
2026-08-21 09:40:56.591,339.0
2026-08-21 09:41:56.589,339.0
2026-08-21 09:41:56.591,339.0
2026-08-21 09:42:56.589,339.0
2026-08-21 09:42:56.591,339.0
2026-08-21 09:43:56.589,339.0
2026-08-21 09:43:56.591,339.0
2026-08-21 09:44:56.589,339.0
2026-08-21 09:44:56.591,339.0
2026-08-21 09:45:56.589,339.0
2026-08-21 09:45:56.591,339.0
2026-08-21 09:46:56.589,339.0
2026-08-21 09:46:56.591,339.0
2026-08-21 09:47:56.589,384.0
2026-08-21 09:47:56.591,384.0
2026-08-21 09:48:56.589,384.0
2026-08-21 09:48:56.591,384.0
2026-08-21 09:49:56.590,384.0
2026-08-21 09:49:56.591,384.0
2026-08-21 09:50:56.601,384.0
2026-08-21 09:50:56.603,384.0
2026-08-21 09:51:56.601,384.0
2026-08-21 09:51:56.603,384.0
2026-08-21 09:52:56.602,384.0
2026-08-21 09:52:56.603,384.0
2026-08-21 09:53:56.602,384.0
2026-08-21 09:53:56.604,384.0
2026-08-21 09:54:56.602,384.0
2026-08-21 09:54:56.604,384.0
2026-08-21 09:55:56.602,384.0
2026-08-21 09:55:56.604,384.0
2026-08-21 09:56:56.602,384.0
2026-08-21 09:56:56.604,384.0
2026-08-21 09:57:56.602,384.0
2026-08-21 09:57:56.604,384.0
2026-08-21 09:58:56.602,384.0
2026-08-21 09:58:56.604,384.0
2026-08-21 09:59:56.602,384.0
2026-08-21 09:59:56.604,384.0
2026-08-21 10:00:56.614,384.0
2026-08-21 10:00:56.616,384.0
2026-08-21 10:01:56.614,442.0
2026-08-21 10:01:56.616,442.0
2026-08-21 10:02:56.615,442.0
2026-08-21 10:02:56.616,442.0
2026-08-21 10:03:56.615,442.0
2026-08-21 10:03:56.617,442.0
2026-08-21 10:04:56.615,442.0
2026-08-21 10:04:56.617,442.0
2026-08-21 10:05:56.615,442.0
2026-08-21 10:05:56.617,442.0
2026-08-21 10:06:56.615,442.0
2026-08-21 10:06:56.617,442.0
2026-08-21 10:07:56.615,442.0
2026-08-21 10:07:56.617,442.0
2026-08-21 10:08:56.615,442.0
2026-08-21 10:08:56.617,442.0
2026-08-21 10:09:56.615,442.0
2026-08-21 10:09:56.617,442.0
2026-08-21 10:10:56.626,442.0
2026-08-21 10:10:56.628,442.0
2026-08-21 10:11:56.626,442.0
2026-08-21 10:11:56.628,442.0
2026-08-21 10:12:56.626,442.0
2026-08-21 10:12:56.628,442.0
2026-08-21 10:13:56.626,442.0
2026-08-21 10:13:56.628,442.0
2026-08-21 10:14:56.626,442.0
2026-08-21 10:14:56.628,442.0
2026-08-21 10:15:56.626,442.0
2026-08-21 10:15:56.628,442.0
2026-08-21 10:16:56.627,43.0
2026-08-21 10:16:56.628,43.0
2026-08-21 10:17:56.628,43.0
2026-08-21 10:18:56.628,43.0
2026-08-21 10:19:56.628,43.0
2026-08-21 10:20:56.639,43.0
2026-08-21 10:21:56.639,43.0
2026-08-21 10:22:56.639,43.0
2026-08-21 10:23:56.639,43.0
2026-08-21 10:24:56.639,43.0
2026-08-21 10:25:56.639,43.0
2026-08-21 10:25:56.640,43.0
2026-08-21 10:26:56.639,43.0
2026-08-21 10:26:56.640,43.0
2026-08-21 10:27:56.639,43.0
2026-08-21 10:27:56.640,43.0
2026-08-21 10:28:56.639,43.0
2026-08-21 10:28:56.640,43.0
2026-08-21 10:29:56.640,43.0
2026-08-21 10:30:56.653,43.0
2026-08-21 10:31:56.653,49.0
2026-08-21 10:31:56.654,49.0
2026-08-21 10:32:56.653,49.0
2026-08-21 10:32:56.654,49.0
2026-08-21 10:33:56.653,49.0
2026-08-21 10:33:56.654,49.0
2026-08-21 10:34:56.653,49.0
2026-08-21 10:34:56.654,49.0
2026-08-21 10:35:56.654,49.0
2026-08-21 10:36:56.654,49.0
2026-08-21 10:37:56.654,49.0
2026-08-21 10:38:56.654,49.0
2026-08-21 10:39:56.654,49.0
2026-08-21 10:40:56.664,49.0
2026-08-21 10:40:56.665,49.0
2026-08-21 10:41:56.664,49.0
2026-08-21 10:41:56.665,49.0
2026-08-21 10:42:56.664,49.0
2026-08-21 10:42:56.665,49.0
2026-08-21 10:43:56.665,49.0
2026-08-21 10:44:56.665,49.0
2026-08-21 10:45:56.665,49.0
2026-08-21 10:46:56.665,61.0
2026-08-21 10:47:56.665,61.0
2026-08-21 10:47:56.666,61.0
2026-08-21 10:48:56.666,61.0
2026-08-21 10:49:56.666,61.0
2026-08-21 10:50:56.677,61.0
2026-08-21 10:51:56.677,61.0
2026-08-21 10:52:56.677,61.0
2026-08-21 10:53:56.677,61.0
2026-08-21 10:53:56.678,61.0
2026-08-21 10:54:56.677,61.0
2026-08-21 10:54:56.678,61.0
2026-08-21 10:55:56.678,61.0
2026-08-21 10:56:56.678,61.0
2026-08-21 10:57:56.678,61.0
2026-08-21 10:57:56.679,61.0
2026-08-21 10:58:56.678,61.0
2026-08-21 10:58:56.679,61.0
2026-08-21 10:59:56.678,61.0
2026-08-21 10:59:56.679,61.0
2026-08-21 11:00:56.685,61.0
2026-08-21 11:00:56.686,61.0
2026-08-21 11:01:56.686,76.0
2026-08-21 11:02:56.686,76.0
2026-08-21 11:03:56.686,76.0
2026-08-21 11:04:56.686,76.0
2026-08-21 11:05:56.686,76.0
2026-08-21 11:06:56.686,76.0
2026-08-21 11:07:56.686,76.0
2026-08-21 11:08:56.686,76.0
2026-08-21 11:08:56.687,76.0
2026-08-21 11:09:56.686,76.0
2026-08-21 11:09:56.687,76.0
2026-08-21 11:10:56.704,76.0
2026-08-21 11:10:56.705,76.0
2026-08-21 11:11:56.704,76.0
2026-08-21 11:11:56.705,76.0
2026-08-21 11:12:56.705,76.0
2026-08-21 11:13:56.705,76.0
2026-08-21 11:14:56.705,76.0
2026-08-21 11:15:56.705,76.0
2026-08-21 11:16:56.705,82.0
2026-08-21 11:17:56.705,82.0
2026-08-21 11:18:56.705,82.0
2026-08-21 11:18:56.706,82.0
2026-08-21 11:19:56.705,82.0
2026-08-21 11:19:56.706,82.0
2026-08-21 11:20:56.717,82.0
2026-08-21 11:20:56.718,82.0
2026-08-21 11:21:56.717,82.0
2026-08-21 11:21:56.718,82.0
2026-08-21 11:22:56.717,82.0
2026-08-21 11:22:56.718,82.0
2026-08-21 11:23:56.718,82.0
2026-08-21 11:24:56.718,82.0
2026-08-21 11:25:56.718,82.0
2026-08-21 11:26:56.718,82.0
2026-08-21 11:27:56.718,82.0
2026-08-21 11:28:56.718,82.0
2026-08-21 11:28:56.719,82.0
2026-08-21 11:29:56.718,82.0
2026-08-21 11:29:56.719,82.0
2026-08-21 11:30:56.730,82.0
2026-08-21 11:30:56.731,82.0
2026-08-21 11:31:56.730,86.0
2026-08-21 11:31:56.731,86.0
2026-08-21 11:32:56.730,86.0
2026-08-21 11:32:56.731,86.0
2026-08-21 11:33:56.731,86.0
2026-08-21 11:34:56.731,86.0
2026-08-21 11:35:56.731,86.0
2026-08-21 11:36:56.731,86.0
2026-08-21 11:37:56.731,86.0
2026-08-21 11:38:56.731,86.0
2026-08-21 11:38:56.732,86.0
2026-08-21 11:39:56.731,86.0
2026-08-21 11:39:56.732,86.0
2026-08-21 11:40:56.742,86.0
2026-08-21 11:40:56.743,86.0
2026-08-21 11:41:56.742,86.0
2026-08-21 11:41:56.743,86.0
2026-08-21 11:42:56.742,86.0
2026-08-21 11:42:56.743,86.0
2026-08-21 11:43:56.742,86.0
2026-08-21 11:43:56.743,86.0
2026-08-21 11:44:56.742,86.0
2026-08-21 11:44:56.744,86.0
2026-08-21 11:45:56.742,86.0
2026-08-21 11:45:56.744,86.0
2026-08-21 11:46:56.742,86.0
2026-08-21 11:46:56.744,86.0
2026-08-21 11:47:56.742,86.0
2026-08-21 11:47:56.744,86.0
2026-08-21 11:48:56.742,86.0
2026-08-21 11:48:56.744,86.0
2026-08-21 11:49:56.742,86.0
2026-08-21 11:49:56.744,86.0
2026-08-21 11:50:56.757,86.0
2026-08-21 11:50:56.758,86.0
2026-08-21 11:51:56.757,86.0
2026-08-21 11:51:56.759,86.0
2026-08-21 11:52:56.757,86.0
2026-08-21 11:52:56.759,86.0
2026-08-21 11:53:56.757,86.0
2026-08-21 11:53:56.759,86.0
2026-08-21 11:54:56.757,86.0
2026-08-21 11:54:56.759,86.0
2026-08-21 11:55:56.757,86.0
2026-08-21 11:55:56.759,86.0
2026-08-21 11:56:56.757,86.0
2026-08-21 11:56:56.759,86.0
2026-08-21 11:57:56.758,86.0
2026-08-21 11:57:56.759,86.0
2026-08-21 11:58:56.758,86.0
2026-08-21 11:58:56.759,86.0
2026-08-21 11:59:56.758,86.0
2026-08-21 11:59:56.759,86.0
2026-08-21 12:00:56.767,86.0
2026-08-21 12:00:56.768,86.0
2026-08-21 12:01:56.767,103.0
2026-08-21 12:01:56.768,103.0
2026-08-21 12:02:56.767,103.0
2026-08-21 12:02:56.768,103.0
2026-08-21 12:03:56.767,103.0
2026-08-21 12:03:56.768,103.0
2026-08-21 12:04:56.767,103.0
2026-08-21 12:04:56.768,103.0
2026-08-21 12:05:56.767,103.0
2026-08-21 12:05:56.768,103.0
2026-08-21 12:06:56.767,103.0
2026-08-21 12:06:56.768,103.0
2026-08-21 12:07:56.767,103.0
2026-08-21 12:07:56.769,103.0
2026-08-21 12:08:56.768,103.0
2026-08-21 12:08:56.769,103.0
2026-08-21 12:09:56.768,103.0
2026-08-21 12:09:56.769,103.0
2026-08-21 12:10:56.780,103.0
2026-08-21 12:10:56.781,103.0
2026-08-21 12:11:56.780,103.0
2026-08-21 12:11:56.781,103.0
2026-08-21 12:12:56.780,103.0
2026-08-21 12:12:56.781,103.0
2026-08-21 12:13:56.780,103.0
2026-08-21 12:13:56.781,103.0
2026-08-21 12:14:56.780,103.0
2026-08-21 12:14:56.781,103.0
2026-08-21 12:15:56.780,103.0
2026-08-21 12:15:56.781,103.0
2026-08-21 12:16:56.780,114.0
2026-08-21 12:16:56.781,114.0
2026-08-21 12:17:56.780,114.0
2026-08-21 12:17:56.781,114.0
2026-08-21 12:18:56.780,114.0
2026-08-21 12:18:56.781,114.0
2026-08-21 12:19:56.781,114.0
2026-08-21 12:19:56.782,114.0
2026-08-21 12:20:56.793,114.0
2026-08-21 12:21:56.793,114.0
2026-08-21 12:21:56.794,114.0
2026-08-21 12:22:56.793,114.0
2026-08-21 12:22:56.794,114.0
2026-08-21 12:23:56.793,114.0
2026-08-21 12:23:56.794,114.0
2026-08-21 12:24:56.793,114.0
2026-08-21 12:24:56.794,114.0
2026-08-21 12:25:56.793,114.0
2026-08-21 12:25:56.794,114.0
2026-08-21 12:26:56.793,114.0
2026-08-21 12:26:56.794,114.0
2026-08-21 12:27:56.793,114.0
2026-08-21 12:27:56.794,114.0
2026-08-21 12:28:56.793,114.0
2026-08-21 12:28:56.794,114.0
2026-08-21 12:29:56.793,114.0
2026-08-21 12:29:56.795,114.0
2026-08-21 12:30:56.804,136.0
2026-08-21 12:30:56.805,136.0
2026-08-21 12:31:56.805,136.0
2026-08-21 12:31:56.806,136.0
2026-08-21 12:32:56.805,136.0
2026-08-21 12:32:56.806,136.0
2026-08-21 12:33:56.805,136.0
2026-08-21 12:33:56.806,136.0
2026-08-21 12:34:56.805,136.0
2026-08-21 12:34:56.806,136.0
2026-08-21 12:35:56.806,136.0
2026-08-21 12:36:56.806,136.0
2026-08-21 12:37:56.806,136.0
2026-08-21 12:38:56.806,136.0
2026-08-21 12:39:56.806,136.0
2026-08-21 12:40:56.815,136.0
2026-08-21 12:41:56.815,136.0
2026-08-21 12:42:56.815,136.0
2026-08-21 12:43:56.815,136.0
2026-08-21 12:44:56.815,136.0
2026-08-21 12:45:56.815,144.0
2026-08-21 12:45:56.816,144.0
2026-08-21 12:46:56.816,144.0
2026-08-21 12:47:56.816,144.0
2026-08-21 12:48:56.816,144.0
2026-08-21 12:49:56.816,144.0
2026-08-21 12:50:56.832,144.0
2026-08-21 12:51:56.832,144.0
2026-08-21 12:52:56.832,144.0
2026-08-21 12:53:56.832,144.0
2026-08-21 12:54:56.832,144.0
2026-08-21 12:55:56.832,144.0
2026-08-21 12:55:56.833,144.0
2026-08-21 12:56:56.832,144.0
2026-08-21 12:56:56.833,144.0
2026-08-21 12:57:56.832,144.0
2026-08-21 12:57:56.833,144.0
2026-08-21 12:58:56.833,144.0
2026-08-21 12:59:56.833,144.0
2026-08-21 13:00:56.843,157.0
2026-08-21 13:01:56.843,157.0
2026-08-21 13:02:56.843,157.0
2026-08-21 13:03:56.843,157.0
2026-08-21 13:04:56.843,157.0
2026-08-21 13:05:56.843,157.0
2026-08-21 13:05:56.844,157.0
2026-08-21 13:06:56.844,157.0
2026-08-21 13:07:56.844,157.0
2026-08-21 13:08:56.844,157.0
2026-08-21 13:09:56.844,157.0
2026-08-21 13:10:56.856,157.0
2026-08-21 13:11:56.856,157.0
2026-08-21 13:12:56.856,157.0
2026-08-21 13:13:56.856,157.0
2026-08-21 13:14:56.856,157.0
2026-08-21 13:14:56.857,157.0
2026-08-21 13:15:56.856,168.0
2026-08-21 13:15:56.857,168.0
2026-08-21 13:16:56.857,168.0
2026-08-21 13:17:56.857,168.0
2026-08-21 13:22:35.618,168.0
2026-08-21 13:24:39.178,-1.0
2026-08-21 13:25:39.123,-1.0
2026-08-21 13:25:39.178,-1.0
2026-08-21 13:26:39.123,-1.0
2026-08-21 13:26:39.178,-1.0
2026-08-21 13:27:39.123,-1.0
2026-08-21 13:27:39.178,-1.0
2026-08-21 13:28:39.123,-1.0
2026-08-21 13:28:39.178,-1.0
2026-08-21 13:29:39.123,-1.0
2026-08-21 13:29:39.178,-1.0
2026-08-21 13:44:21.960,-1.0
2026-08-21 13:44:22.015,-1.0
2026-08-21 13:45:22.015,168.0
2026-08-21 13:46:21.960,168.0
2026-08-21 13:46:22.015,168.0
2026-08-21 13:47:21.960,168.0
2026-08-21 13:47:22.015,168.0
2026-08-21 13:48:21.960,168.0
2026-08-21 13:48:22.015,168.0
2026-08-21 13:49:21.960,168.0
2026-08-21 13:49:22.015,168.0
2026-08-21 13:50:21.969,168.0
2026-08-21 13:50:22.024,168.0
2026-08-21 13:51:21.969,168.0
2026-08-21 13:51:22.024,168.0
2026-08-21 13:52:21.969,168.0
2026-08-21 13:52:22.024,168.0
2026-08-21 13:53:21.969,168.0
2026-08-21 13:53:22.024,168.0
2026-08-21 13:54:21.969,168.0
2026-08-21 13:54:22.024,168.0
2026-08-21 13:55:21.969,168.0
2026-08-21 13:55:22.024,168.0
2026-08-21 13:56:21.969,168.0
2026-08-21 13:56:22.024,168.0
2026-08-21 13:57:21.970,168.0
2026-08-21 13:57:22.024,168.0
2026-08-21 13:58:21.970,168.0
2026-08-21 13:58:22.025,168.0
2026-08-21 13:59:21.970,171.0
2026-08-21 13:59:22.025,171.0
2026-08-21 14:00:21.970,171.0
2026-08-21 14:00:22.025,171.0
2026-08-21 14:01:21.983,171.0
2026-08-21 14:01:22.039,171.0
2026-08-21 14:02:21.983,171.0
2026-08-21 14:02:22.039,171.0
2026-08-21 14:03:21.983,171.0
2026-08-21 14:03:22.039,171.0
2026-08-21 14:04:21.983,171.0
2026-08-21 14:04:22.039,171.0
2026-08-21 14:05:21.983,171.0
2026-08-21 14:05:22.039,171.0
2026-08-21 14:06:21.983,171.0
2026-08-21 14:06:22.039,171.0
2026-08-21 14:07:21.983,171.0
2026-08-21 14:07:22.039,171.0
2026-08-21 14:08:21.983,171.0
2026-08-21 14:08:22.039,171.0
2026-08-21 14:09:21.984,171.0
2026-08-21 14:09:22.040,171.0
2026-08-21 14:10:21.993,171.0
2026-08-21 14:10:22.050,171.0
2026-08-21 14:11:21.993,171.0
2026-08-21 14:11:22.050,171.0
2026-08-21 14:12:21.994,171.0
2026-08-21 14:12:22.050,171.0
2026-08-21 14:13:21.994,171.0
2026-08-21 14:13:22.050,171.0
2026-08-21 14:14:21.994,173.0
2026-08-21 14:14:22.050,173.0
2026-08-21 14:15:21.994,173.0
2026-08-21 14:15:22.051,173.0
2026-08-21 14:16:21.994,173.0
2026-08-21 14:16:22.051,173.0
2026-08-21 14:17:21.994,173.0
2026-08-21 14:17:22.051,173.0
2026-08-21 14:18:21.994,173.0
2026-08-21 14:18:22.051,173.0
2026-08-21 14:19:21.994,173.0
2026-08-21 14:19:22.051,173.0
2026-08-21 14:20:22.007,173.0
2026-08-21 14:20:22.064,173.0
2026-08-21 14:21:22.007,173.0
2026-08-21 14:21:22.064,173.0
2026-08-21 14:22:22.007,173.0
2026-08-21 14:22:22.064,173.0
2026-08-21 14:23:22.007,173.0
2026-08-21 14:23:22.064,173.0
2026-08-21 14:24:22.007,173.0
2026-08-21 14:24:22.064,173.0
2026-08-21 14:25:22.007,173.0
2026-08-21 14:25:22.064,173.0
2026-08-21 14:26:22.008,173.0
2026-08-21 14:26:22.064,173.0
2026-08-21 14:35:57.454,184.0
2026-08-21 14:35:57.455,184.0
2026-08-21 14:36:57.454,184.0
2026-08-21 14:36:57.455,184.0
2026-08-21 14:37:57.454,184.0
2026-08-21 14:37:57.455,184.0
2026-08-21 14:38:57.454,184.0
2026-08-21 14:38:57.455,184.0
2026-08-21 14:39:57.455,184.0
2026-08-21 14:40:57.465,184.0
2026-08-21 14:41:57.465,184.0
2026-08-21 14:41:57.466,184.0
2026-08-21 14:42:57.465,184.0
2026-08-21 14:42:57.466,184.0
2026-08-21 14:43:57.465,195.0
2026-08-21 14:43:57.466,195.0
2026-08-21 14:44:57.466,195.0
2026-08-21 14:45:57.466,195.0
2026-08-21 14:46:57.466,195.0
2026-08-21 14:47:57.466,195.0
2026-08-21 14:47:57.467,195.0
2026-08-21 14:48:57.466,195.0
2026-08-21 14:48:57.467,195.0
2026-08-21 14:49:57.466,195.0
2026-08-21 14:49:57.467,195.0
2026-08-21 14:50:57.477,195.0
2026-08-21 14:51:57.477,195.0
2026-08-21 14:52:57.477,195.0
2026-08-21 14:53:57.477,195.0
2026-08-21 14:54:57.477,195.0
2026-08-21 14:54:57.478,195.0
2026-08-21 14:55:57.477,195.0
2026-08-21 14:55:57.478,195.0
2026-08-21 14:56:57.477,195.0
2026-08-21 14:56:57.478,195.0
2026-08-21 14:57:57.477,195.0
2026-08-21 14:57:57.478,195.0
2026-08-21 14:58:57.478,198.0
2026-08-21 14:59:57.478,198.0
2026-08-21 15:00:57.490,198.0
2026-08-21 15:01:57.490,198.0
2026-08-21 15:02:57.490,198.0
2026-08-21 15:03:57.490,198.0
2026-08-21 15:04:57.490,198.0
2026-08-21 15:05:57.490,198.0
2026-08-21 15:06:57.490,198.0
2026-08-21 15:06:57.491,198.0
2026-08-21 15:07:57.490,198.0
2026-08-21 15:07:57.491,198.0
2026-08-21 15:08:57.490,198.0
2026-08-21 15:08:57.492,198.0
2026-08-21 15:09:57.490,198.0
2026-08-21 15:09:57.492,198.0
2026-08-21 15:10:57.504,198.0
2026-08-21 15:10:57.505,198.0
2026-08-21 15:11:57.504,198.0
2026-08-21 15:11:57.506,198.0
2026-08-21 15:12:57.504,198.0
2026-08-21 15:12:57.506,198.0
2026-08-21 15:13:57.504,199.0
2026-08-21 15:13:57.506,199.0
2026-08-21 15:14:57.504,199.0
2026-08-21 15:14:57.506,199.0
2026-08-21 15:15:57.505,199.0
2026-08-21 15:15:57.506,199.0
2026-08-21 15:16:57.505,199.0
2026-08-21 15:16:57.506,199.0
2026-08-21 15:17:57.505,199.0
2026-08-21 15:17:57.506,199.0
2026-08-21 15:18:57.505,199.0
2026-08-21 15:18:57.506,199.0
2026-08-21 15:19:57.505,199.0
2026-08-21 15:19:57.506,199.0
2026-08-21 15:20:57.514,199.0
2026-08-21 15:20:57.515,199.0
2026-08-21 15:21:57.514,199.0
2026-08-21 15:21:57.515,199.0
2026-08-21 15:22:57.514,199.0
2026-08-21 15:22:57.515,199.0
2026-08-21 15:23:57.515,199.0
2026-08-21 15:24:57.515,199.0
2026-08-21 15:25:57.515,199.0
2026-08-21 15:25:57.516,199.0
2026-08-21 15:26:57.515,199.0
2026-08-21 15:26:57.516,199.0
2026-08-21 15:27:57.516,199.0
2026-08-21 15:28:57.516,205.0
2026-08-21 15:29:57.516,205.0
2026-08-21 15:29:57.517,205.0
2026-08-21 15:30:57.529,205.0
2026-08-21 15:30:57.530,205.0
2026-08-21 15:31:57.530,205.0
2026-08-21 15:32:57.530,205.0
2026-08-21 15:33:57.530,205.0
2026-08-21 15:34:57.530,205.0
2026-08-21 15:35:57.530,205.0
2026-08-21 15:36:57.530,205.0
2026-08-21 15:37:57.530,205.0
2026-08-21 15:37:57.531,205.0
2026-08-21 15:38:57.530,205.0
2026-08-21 15:38:57.531,205.0
2026-08-21 15:39:57.531,205.0
2026-08-21 15:40:57.539,205.0
2026-08-21 15:40:57.540,205.0
2026-08-21 15:41:57.540,205.0
2026-08-21 15:42:57.540,205.0
2026-08-21 15:43:57.540,209.0
2026-08-21 15:44:57.540,209.0
2026-08-21 15:45:57.540,209.0
2026-08-21 15:45:57.541,209.0
2026-08-21 15:46:57.540,209.0
2026-08-21 15:46:57.541,209.0
2026-08-21 15:47:57.541,209.0
2026-08-21 15:48:57.541,209.0
2026-08-21 15:49:57.541,209.0
2026-08-21 15:49:57.542,209.0
2026-08-21 15:50:57.555,209.0
2026-08-21 15:51:57.555,209.0
2026-08-21 15:52:57.555,209.0
2026-08-21 15:53:57.555,209.0
2026-08-21 15:54:57.555,209.0
2026-08-21 15:55:57.555,209.0
2026-08-21 15:56:57.555,209.0
2026-08-21 15:57:57.555,209.0
2026-08-21 15:58:57.555,213.0
2026-08-21 15:59:57.555,213.0
2026-08-21 15:59:57.556,213.0
2026-08-21 16:00:57.568,213.0
2026-08-21 16:01:57.568,213.0
2026-08-21 16:02:57.568,213.0
2026-08-21 16:03:57.568,213.0
2026-08-21 16:04:57.568,213.0
2026-08-21 16:05:57.568,213.0
2026-08-21 16:06:57.568,213.0
2026-08-21 16:06:57.569,213.0
2026-08-21 16:07:57.568,213.0
2026-08-21 16:07:57.569,213.0
2026-08-21 16:08:57.569,213.0
2026-08-21 16:09:57.569,213.0
2026-08-21 16:10:57.580,213.0
2026-08-21 16:10:57.581,213.0
2026-08-21 16:11:57.580,213.0
2026-08-21 16:11:57.581,213.0
2026-08-21 16:12:57.580,213.0
2026-08-21 16:12:57.581,213.0
2026-08-21 16:13:57.580,216.0
2026-08-21 16:13:57.581,216.0
2026-08-21 16:14:57.581,216.0
2026-08-21 16:15:57.581,216.0
2026-08-21 16:16:57.581,216.0
2026-08-21 16:16:57.582,216.0
2026-08-21 16:17:57.581,216.0
2026-08-21 16:17:57.582,216.0
2026-08-21 16:18:57.581,216.0
2026-08-21 16:18:57.582,216.0
2026-08-21 16:19:57.582,216.0
2026-08-21 16:20:57.593,216.0
2026-08-21 16:21:57.593,216.0
2026-08-21 16:22:57.593,216.0
2026-08-21 16:23:57.593,216.0
2026-08-21 16:24:57.593,216.0
2026-08-21 16:25:57.593,216.0
2026-08-21 16:26:57.593,216.0
2026-08-21 16:26:57.594,216.0
2026-08-21 16:27:57.593,216.0
2026-08-21 16:27:57.594,216.0
2026-08-21 16:28:57.594,218.0
2026-08-21 16:29:57.594,218.0
2026-08-21 16:30:57.605,218.0
2026-08-21 16:31:57.605,218.0
2026-08-21 16:32:57.605,218.0
2026-08-21 16:33:57.605,218.0
2026-08-21 16:33:57.606,218.0
2026-08-21 16:34:57.605,218.0
2026-08-21 16:34:57.606,218.0
2026-08-21 16:35:57.606,218.0
2026-08-21 16:36:57.606,218.0
2026-08-21 16:37:57.606,218.0
2026-08-21 16:38:57.606,218.0
2026-08-21 16:39:57.606,218.0
2026-08-21 16:40:57.614,218.0
2026-08-21 16:40:57.615,218.0
2026-08-21 16:41:57.614,218.0
2026-08-21 16:41:57.615,218.0
2026-08-21 16:42:57.614,218.0
2026-08-21 16:42:57.615,218.0
2026-08-21 16:43:57.614,224.0
2026-08-21 16:43:57.615,224.0
2026-08-21 16:44:57.615,224.0
2026-08-21 16:45:57.615,224.0
2026-08-21 16:46:57.615,224.0
2026-08-21 16:47:57.615,224.0
2026-08-21 16:48:57.615,224.0
2026-08-21 16:49:57.615,224.0
2026-08-21 16:49:57.616,224.0
2026-08-21 16:50:57.632,224.0
2026-08-21 16:51:57.632,224.0
2026-08-21 16:52:57.632,224.0
2026-08-21 16:52:57.633,224.0
2026-08-21 16:53:57.632,224.0
2026-08-21 16:53:57.633,224.0
2026-08-21 16:54:57.632,224.0
2026-08-21 16:54:57.633,224.0
2026-08-21 16:55:57.632,224.0
2026-08-21 16:55:57.633,224.0
2026-08-21 16:56:57.633,224.0
2026-08-21 16:57:57.633,228.0
2026-08-21 16:58:57.633,228.0
2026-08-21 16:59:57.633,228.0
2026-08-21 16:59:57.634,228.0
2026-08-21 17:00:57.644,228.0
2026-08-21 17:01:57.644,228.0
2026-08-21 17:02:57.644,228.0
2026-08-21 17:03:57.644,228.0
2026-08-21 17:04:57.644,228.0
2026-08-21 17:05:57.644,228.0
2026-08-21 17:06:57.644,228.0
2026-08-21 17:06:57.645,228.0
2026-08-21 17:07:57.644,228.0
2026-08-21 17:07:57.645,228.0
2026-08-21 17:08:57.644,228.0
2026-08-21 17:08:57.645,228.0
2026-08-21 17:09:57.644,228.0
2026-08-21 17:09:57.645,228.0
2026-08-21 17:10:57.655,228.0
2026-08-21 17:11:57.655,228.0
2026-08-21 17:12:57.655,232.0
2026-08-21 17:13:57.655,232.0
2026-08-21 17:14:57.655,232.0
2026-08-21 17:14:57.656,232.0
2026-08-21 17:15:57.655,232.0
2026-08-21 17:15:57.656,232.0
2026-08-21 17:16:57.655,232.0
2026-08-21 17:16:57.656,232.0
2026-08-21 17:17:57.655,232.0
2026-08-21 17:17:57.656,232.0
2026-08-21 17:18:57.655,232.0
2026-08-21 17:18:57.656,232.0
2026-08-21 17:19:57.656,232.0
2026-08-21 17:20:57.667,232.0
2026-08-21 17:20:57.668,232.0
2026-08-21 17:21:57.668,232.0
2026-08-21 17:22:57.668,232.0
2026-08-21 17:23:57.668,232.0
2026-08-21 17:23:57.669,232.0
2026-08-21 17:24:57.668,232.0
2026-08-21 17:24:57.669,232.0
2026-08-21 17:25:57.668,232.0
2026-08-21 17:25:57.669,232.0
2026-08-21 17:26:57.669,232.0
2026-08-21 17:27:57.669,239.0
2026-08-21 17:28:57.669,239.0
2026-08-21 17:29:57.669,239.0
2026-08-21 17:30:57.679,239.0
2026-08-21 17:31:57.679,239.0
2026-08-21 17:32:57.679,239.0
2026-08-21 17:33:57.679,239.0
2026-08-21 17:33:57.680,239.0
2026-08-21 17:34:57.679,239.0
2026-08-21 17:34:57.680,239.0
2026-08-21 17:35:57.680,239.0
2026-08-21 17:36:57.680,239.0
2026-08-21 17:37:57.680,239.0
2026-08-21 17:38:57.680,239.0
2026-08-21 17:39:57.680,239.0
2026-08-21 17:40:57.695,239.0
2026-08-21 17:41:57.695,239.0
2026-08-21 17:42:57.695,243.0
2026-08-21 17:43:57.695,243.0
2026-08-21 17:43:57.696,243.0
2026-08-21 17:44:57.695,243.0
2026-08-21 17:44:57.696,243.0
2026-08-21 17:45:57.695,243.0
2026-08-21 17:45:57.696,243.0
2026-08-21 17:46:57.696,243.0
2026-08-21 17:47:57.696,243.0
2026-08-21 17:48:57.696,243.0
2026-08-21 17:49:57.696,243.0
2026-08-21 17:49:57.697,243.0
2026-08-21 17:50:57.708,243.0
2026-08-21 17:51:57.708,243.0
2026-08-21 17:52:57.708,243.0
2026-08-21 17:53:57.708,243.0
2026-08-21 17:54:57.708,243.0
2026-08-21 17:55:57.709,243.0
2026-08-21 17:56:57.709,243.0
2026-08-21 17:57:57.709,252.0
2026-08-21 17:58:57.709,252.0
2026-08-21 17:59:57.709,252.0
2026-08-21 18:00:57.720,252.0
2026-08-21 18:01:57.720,252.0
2026-08-21 18:02:57.720,252.0
2026-08-21 18:03:57.721,252.0
2026-08-21 18:04:57.721,252.0
2026-08-21 18:05:57.721,252.0
2026-08-21 18:06:57.721,252.0
2026-08-21 18:07:57.721,252.0
2026-08-21 18:08:57.721,252.0
2026-08-21 18:09:57.721,252.0
2026-08-21 18:10:57.732,252.0
2026-08-21 18:11:57.732,252.0
2026-08-21 18:12:57.732,266.0
2026-08-21 18:13:57.732,266.0
2026-08-21 18:14:57.732,266.0
2026-08-21 18:15:57.732,266.0
2026-08-21 18:15:57.733,266.0
2026-08-21 18:16:57.732,266.0
2026-08-21 18:16:57.733,266.0
2026-08-21 18:17:57.733,266.0
2026-08-21 18:18:57.733,266.0
2026-08-21 18:19:57.733,266.0
2026-08-21 18:20:57.747,266.0
2026-08-21 18:21:57.747,266.0
2026-08-21 18:22:57.747,266.0
2026-08-21 18:23:57.747,266.0
2026-08-21 18:24:57.747,266.0
2026-08-21 18:25:57.747,266.0
2026-08-21 18:26:57.747,266.0
2026-08-21 18:27:57.747,290.0
2026-08-21 18:27:57.748,290.0
2026-08-21 18:28:57.747,290.0
2026-08-21 18:28:57.748,290.0
2026-08-21 18:29:57.747,290.0
2026-08-21 18:29:57.748,290.0
2026-08-21 18:30:57.757,290.0
2026-08-21 18:30:57.758,290.0
2026-08-21 18:31:57.758,290.0
2026-08-21 18:32:57.758,290.0
2026-08-21 18:33:57.758,290.0
2026-08-21 18:34:57.758,290.0
2026-08-21 18:35:57.758,290.0
2026-08-21 18:36:57.758,290.0
2026-08-21 18:37:57.758,290.0
2026-08-21 18:38:57.758,290.0
2026-08-21 18:38:57.759,290.0
2026-08-21 18:39:57.758,290.0
2026-08-21 18:39:57.759,290.0
2026-08-21 18:40:57.772,290.0
2026-08-21 18:41:57.772,290.0
2026-08-21 18:42:57.772,296.0
2026-08-21 18:43:57.772,296.0
2026-08-21 18:44:57.772,296.0
2026-08-21 18:45:57.772,296.0
2026-08-21 18:46:57.772,296.0
2026-08-21 18:46:57.773,296.0
2026-08-21 18:47:57.772,296.0
2026-08-21 18:47:57.773,296.0
2026-08-21 18:48:57.772,296.0
2026-08-21 18:48:57.773,296.0
2026-08-21 18:49:57.773,296.0
2026-08-21 18:50:57.780,296.0
2026-08-21 18:51:57.780,296.0
2026-08-21 18:52:57.780,296.0
2026-08-21 18:53:57.780,296.0
2026-08-21 18:54:57.780,296.0
2026-08-21 18:55:57.780,296.0
2026-08-21 18:55:57.781,296.0
2026-08-21 18:56:57.780,296.0
2026-08-21 18:56:57.781,296.0
2026-08-21 19:04:36.930,302.0
2026-08-21 19:04:36.931,302.0
2026-08-21 19:05:36.930,302.0
2026-08-21 19:05:36.931,302.0
2026-08-21 19:06:36.930,302.0
2026-08-21 19:06:36.931,302.0
2026-08-21 19:07:36.931,302.0
2026-08-21 19:07:36.932,302.0
2026-08-21 19:08:36.931,302.0
2026-08-21 19:08:36.932,302.0
2026-08-21 19:09:36.931,302.0
2026-08-21 19:09:36.932,302.0
2026-08-21 19:10:36.940,302.0
2026-08-21 19:10:36.941,302.0
2026-08-21 19:11:36.940,302.0
2026-08-21 19:11:36.941,302.0
2026-08-21 19:12:36.940,309.0
2026-08-21 19:12:36.941,309.0
2026-08-21 19:13:36.940,309.0
2026-08-21 19:13:36.941,309.0
2026-08-21 19:14:36.941,309.0
2026-08-21 19:15:36.941,309.0
2026-08-21 19:16:36.941,309.0
2026-08-21 19:16:36.942,309.0
2026-08-21 19:17:36.941,309.0
2026-08-21 19:17:36.942,309.0
2026-08-21 19:18:36.941,309.0
2026-08-21 19:18:36.942,309.0
2026-08-21 19:19:36.941,309.0
2026-08-21 19:19:36.942,309.0
2026-08-21 19:20:36.953,309.0
2026-08-21 19:20:36.954,309.0
2026-08-21 19:21:36.953,309.0
2026-08-21 19:21:36.954,309.0
2026-08-21 19:22:36.954,309.0
2026-08-21 19:22:36.955,309.0
2026-08-21 19:23:36.954,309.0
2026-08-21 19:23:36.955,309.0
2026-08-21 19:24:36.954,309.0
2026-08-21 19:24:36.955,309.0
2026-08-21 19:25:36.954,309.0
2026-08-21 19:25:36.955,309.0
2026-08-21 19:26:36.954,319.0
2026-08-21 19:26:36.955,319.0
2026-08-21 19:27:36.954,319.0
2026-08-21 19:27:36.955,319.0
2026-08-21 19:28:36.954,319.0
2026-08-21 19:28:36.955,319.0
2026-08-21 19:29:36.954,319.0
2026-08-21 19:29:36.955,319.0
2026-08-21 19:30:36.965,319.0
2026-08-21 19:30:36.967,319.0
2026-08-21 19:31:36.966,319.0
2026-08-21 19:31:36.967,319.0
2026-08-21 19:32:36.966,319.0
2026-08-21 19:32:36.967,319.0
2026-08-21 19:33:36.966,319.0
2026-08-21 19:33:36.967,319.0
2026-08-21 19:34:36.966,319.0
2026-08-21 19:34:36.967,319.0
2026-08-21 19:35:36.967,319.0
2026-08-21 19:36:36.967,319.0
2026-08-21 19:36:36.968,319.0
2026-08-21 19:37:36.967,319.0
2026-08-21 19:37:36.968,319.0
2026-08-21 19:38:36.967,319.0
2026-08-21 19:38:36.968,319.0
2026-08-21 19:39:36.967,319.0
2026-08-21 19:39:36.968,319.0
2026-08-21 19:40:36.978,319.0
2026-08-21 19:40:36.979,319.0
2026-08-21 19:41:36.978,325.0
2026-08-21 19:41:36.979,325.0
2026-08-21 19:42:36.979,325.0
2026-08-21 19:43:36.979,325.0
2026-08-21 19:44:36.979,325.0
2026-08-21 19:45:36.979,325.0
2026-08-21 19:46:36.979,325.0
2026-08-21 19:47:36.979,325.0
2026-08-21 19:48:36.979,325.0
2026-08-21 19:48:36.980,325.0
2026-08-21 19:49:36.979,325.0
2026-08-21 19:49:36.980,325.0
2026-08-21 19:50:36.991,325.0
2026-08-21 19:51:36.991,325.0
2026-08-21 19:52:36.991,325.0
2026-08-21 19:52:36.992,325.0
2026-08-21 19:53:36.991,325.0
2026-08-21 19:53:36.992,325.0
2026-08-21 19:54:36.991,325.0
2026-08-21 19:54:36.992,325.0
2026-08-21 19:55:36.991,325.0
2026-08-21 19:55:36.992,325.0
2026-08-21 19:56:36.992,341.0
2026-08-21 19:57:36.992,341.0
2026-08-21 19:58:36.992,341.0
2026-08-21 19:59:36.992,341.0
2026-08-21 19:59:36.993,341.0
2026-08-21 20:00:37.005,341.0
2026-08-21 20:01:37.005,341.0
2026-08-21 20:02:37.005,341.0
2026-08-21 20:03:37.005,341.0
2026-08-21 20:04:37.005,341.0
2026-08-21 20:04:37.006,341.0
2026-08-21 20:05:37.006,341.0
2026-08-21 20:06:37.006,341.0
2026-08-21 20:07:37.006,341.0
2026-08-21 20:07:37.007,341.0
2026-08-21 20:08:37.007,341.0
2026-08-21 20:09:37.007,341.0
2026-08-21 20:10:37.016,341.0
2026-08-21 20:11:37.016,343.0
2026-08-21 20:12:37.016,343.0
2026-08-21 20:13:37.016,343.0
2026-08-21 20:14:37.016,343.0
2026-08-21 20:15:37.016,343.0
2026-08-21 20:15:37.017,343.0
2026-08-21 20:16:37.016,343.0
2026-08-21 20:16:37.017,343.0
2026-08-21 20:17:37.017,343.0
2026-08-21 20:18:37.017,343.0
2026-08-21 20:19:37.017,343.0
2026-08-21 20:20:37.031,343.0
2026-08-21 20:21:37.031,343.0
2026-08-21 20:22:37.031,343.0
2026-08-21 20:23:37.031,343.0
2026-08-21 20:24:37.031,343.0
2026-08-21 20:25:37.031,343.0
2026-08-21 20:26:37.031,352.0
2026-08-21 20:27:37.031,352.0
2026-08-21 20:27:37.032,352.0
2026-08-21 20:28:37.032,352.0
2026-08-21 20:29:37.032,352.0
2026-08-21 20:30:37.044,352.0
2026-08-21 20:31:37.044,352.0
2026-08-21 20:32:37.044,352.0
2026-08-21 20:33:37.044,352.0
2026-08-21 20:34:37.044,352.0
2026-08-21 20:35:37.044,352.0
2026-08-21 20:36:37.044,352.0
2026-08-21 20:37:37.044,352.0
2026-08-21 20:38:37.044,352.0
2026-08-21 20:39:37.044,352.0
2026-08-21 20:40:37.055,352.0
2026-08-21 20:41:37.055,359.0
2026-08-21 20:42:37.055,359.0
2026-08-21 20:43:37.055,359.0
2026-08-21 20:44:37.055,359.0
2026-08-21 20:44:37.056,359.0
2026-08-21 20:45:37.055,359.0
2026-08-21 20:45:37.056,359.0
2026-08-21 20:46:37.055,359.0
2026-08-21 20:46:37.056,359.0
2026-08-21 20:47:37.055,359.0
2026-08-21 20:47:37.056,359.0
2026-08-21 20:48:37.056,359.0
2026-08-21 20:49:37.056,359.0
2026-08-21 20:50:37.068,359.0
2026-08-21 20:51:37.068,359.0
2026-08-21 20:52:37.068,359.0
2026-08-21 20:53:37.068,359.0
2026-08-21 20:54:37.068,359.0
2026-08-21 20:55:37.068,359.0
2026-08-21 20:56:37.068,366.0
2026-08-21 20:57:37.069,366.0
2026-08-21 20:58:37.069,366.0
2026-08-21 20:59:37.069,366.0
2026-08-21 21:00:37.074,366.0
2026-08-21 21:00:37.075,366.0
2026-08-21 21:01:37.074,366.0
2026-08-21 21:01:37.075,366.0
2026-08-21 21:02:37.075,366.0
2026-08-21 21:03:37.075,366.0
2026-08-21 21:04:37.075,366.0
2026-08-21 21:05:37.075,366.0
2026-08-21 21:06:37.075,366.0
2026-08-21 21:07:37.076,366.0
2026-08-21 21:08:37.076,366.0
2026-08-21 21:09:37.076,366.0
2026-08-21 21:10:37.093,366.0
2026-08-21 21:10:37.094,366.0
2026-08-21 21:11:37.094,384.0
2026-08-21 21:12:37.094,384.0
2026-08-21 21:13:37.094,384.0
2026-08-21 21:14:37.094,384.0
2026-08-21 21:15:37.094,384.0
2026-08-21 21:16:37.094,384.0
2026-08-21 21:16:37.095,384.0
2026-08-21 21:17:37.094,384.0
2026-08-21 21:17:37.095,384.0
2026-08-21 21:18:37.094,384.0
2026-08-21 21:18:37.095,384.0
2026-08-21 21:19:37.094,384.0
2026-08-21 21:19:37.095,384.0
2026-08-21 21:20:37.106,384.0
2026-08-21 21:21:37.106,384.0
2026-08-21 21:22:37.106,384.0
2026-08-21 21:23:37.106,384.0
2026-08-21 21:24:37.106,384.0
2026-08-21 21:25:37.107,384.0
2026-08-21 21:26:37.107,393.0
2026-08-21 21:27:37.107,393.0
2026-08-21 21:28:37.107,393.0
2026-08-21 21:28:37.108,393.0
2026-08-21 21:29:37.107,393.0
2026-08-21 21:29:37.108,393.0
2026-08-21 21:30:37.117,393.0
2026-08-21 21:31:37.117,393.0
2026-08-21 21:32:37.117,393.0
2026-08-21 21:33:37.117,393.0
2026-08-21 21:34:37.117,393.0
2026-08-21 21:34:37.118,393.0
2026-08-21 21:35:37.118,393.0
2026-08-21 21:36:37.118,393.0
2026-08-21 21:37:37.118,393.0
2026-08-21 21:38:37.118,393.0
2026-08-21 21:39:37.118,393.0
2026-08-21 21:40:37.128,393.0
2026-08-21 21:40:37.129,393.0
2026-08-21 21:41:37.128,416.0
2026-08-21 21:41:37.129,416.0
2026-08-21 21:42:37.129,416.0
2026-08-21 21:43:37.129,416.0
2026-08-21 21:44:37.129,416.0
2026-08-21 21:45:37.129,416.0
2026-08-21 21:46:37.129,416.0
2026-08-21 21:47:37.129,416.0
2026-08-21 21:47:37.130,416.0
2026-08-21 21:48:37.130,416.0
2026-08-21 21:49:37.130,416.0
2026-08-21 21:50:37.146,416.0
2026-08-21 21:51:37.146,416.0
2026-08-21 21:52:37.146,416.0
2026-08-21 21:52:37.147,416.0
2026-08-21 21:53:37.146,416.0
2026-08-21 21:53:37.147,416.0
2026-08-21 21:54:37.147,416.0
2026-08-21 21:55:37.147,458.0
2026-08-21 21:56:37.147,458.0
2026-08-21 21:57:37.147,458.0
2026-08-21 21:57:37.148,458.0
2026-08-21 21:58:37.147,458.0
2026-08-21 21:58:37.148,458.0
2026-08-21 21:59:37.147,458.0
2026-08-21 21:59:37.148,458.0
2026-08-21 22:00:37.155,458.0
2026-08-21 22:00:37.156,458.0
2026-08-21 22:01:37.155,458.0
2026-08-21 22:01:37.156,458.0
2026-08-21 22:02:37.155,458.0
2026-08-21 22:02:37.156,458.0
2026-08-21 22:03:37.155,458.0
2026-08-21 22:03:37.156,458.0
2026-08-21 22:04:37.156,458.0
2026-08-21 22:05:37.156,458.0
2026-08-21 22:06:37.156,458.0
2026-08-21 22:06:37.157,458.0
2026-08-21 22:07:37.156,458.0
2026-08-21 22:07:37.157,458.0
2026-08-21 22:08:37.156,458.0
2026-08-21 22:08:37.157,458.0
2026-08-21 22:09:37.157,458.0
2026-08-21 22:10:37.172,18.0
2026-08-21 22:10:37.173,18.0
2026-08-21 22:11:37.172,18.0
2026-08-21 22:11:37.173,18.0
2026-08-21 22:12:37.173,18.0
2026-08-21 22:13:37.173,18.0
2026-08-21 22:14:37.173,18.0
2026-08-21 22:15:37.173,18.0
2026-08-21 22:16:37.173,18.0
2026-08-21 22:16:37.174,18.0
2026-08-21 22:17:37.174,18.0
2026-08-21 22:18:37.174,18.0
2026-08-21 22:19:37.174,18.0
2026-08-21 22:20:37.186,18.0
2026-08-21 22:21:37.186,18.0
2026-08-21 22:22:37.186,18.0
2026-08-21 22:23:37.186,18.0
2026-08-21 22:24:37.186,18.0
2026-08-21 22:24:37.187,18.0
2026-08-21 22:25:37.186,39.0
2026-08-21 22:25:37.187,39.0
2026-08-21 22:26:37.187,39.0
2026-08-21 22:27:37.187,39.0
2026-08-21 22:28:37.187,39.0
2026-08-21 22:29:37.187,39.0
2026-08-21 22:30:37.196,39.0
2026-08-21 22:31:37.196,39.0
2026-08-21 22:32:37.196,39.0
2026-08-21 22:33:37.196,39.0
2026-08-21 22:34:37.196,39.0
2026-08-21 22:35:37.196,39.0
2026-08-21 22:36:37.196,39.0
2026-08-21 22:36:37.197,39.0
2026-08-21 22:37:37.197,39.0
2026-08-21 22:38:37.197,39.0
2026-08-21 22:39:37.197,39.0
2026-08-21 22:40:37.210,62.0
2026-08-21 22:40:37.211,62.0
2026-08-21 22:41:37.211,62.0
2026-08-21 22:42:37.211,62.0
2026-08-21 22:43:37.211,62.0
2026-08-21 22:44:37.211,62.0
2026-08-21 22:45:37.211,62.0
2026-08-21 22:46:37.211,62.0
2026-08-21 22:47:37.211,62.0
2026-08-21 22:47:37.212,62.0
2026-08-21 22:48:37.212,62.0
2026-08-21 22:49:37.212,62.0
2026-08-21 22:50:37.225,62.0
2026-08-21 22:51:37.225,62.0
2026-08-21 22:52:37.225,62.0
2026-08-21 22:53:37.225,62.0
2026-08-21 22:54:37.225,62.0
2026-08-21 22:54:37.226,62.0
2026-08-21 22:55:37.225,68.0
2026-08-21 22:55:37.226,68.0
2026-08-21 22:56:37.225,68.0
2026-08-21 22:56:37.226,68.0
2026-08-21 22:57:37.225,68.0
2026-08-21 22:57:37.226,68.0
2026-08-21 22:58:37.225,68.0
2026-08-21 22:58:37.226,68.0
2026-08-21 22:59:37.226,68.0
2026-08-21 22:59:37.227,68.0
2026-08-21 23:00:37.234,68.0
2026-08-21 23:00:37.235,68.0
2026-08-21 23:01:37.235,68.0
2026-08-21 23:01:37.236,68.0
2026-08-21 23:02:37.235,68.0
2026-08-21 23:02:37.236,68.0
2026-08-21 23:03:37.235,68.0
2026-08-21 23:03:37.236,68.0
2026-08-21 23:04:37.235,68.0
2026-08-21 23:04:37.236,68.0
2026-08-21 23:05:37.236,68.0
2026-08-21 23:06:37.236,68.0
2026-08-21 23:07:37.236,68.0
2026-08-21 23:08:37.236,68.0
2026-08-21 23:08:37.237,68.0
2026-08-21 23:09:37.236,68.0
2026-08-21 23:09:37.237,68.0
2026-08-21 23:10:37.252,87.0
2026-08-21 23:10:37.253,87.0
2026-08-21 23:11:37.252,87.0
2026-08-21 23:11:37.253,87.0
2026-08-21 23:12:37.252,87.0
2026-08-21 23:12:37.253,87.0
2026-08-21 23:13:37.252,87.0
2026-08-21 23:13:37.253,87.0
2026-08-21 23:14:37.252,87.0
2026-08-21 23:14:37.253,87.0
2026-08-21 23:15:37.253,87.0
2026-08-21 23:16:37.253,87.0
2026-08-21 23:17:37.253,87.0
2026-08-21 23:18:37.253,87.0
2026-08-21 23:18:37.254,87.0
2026-08-21 23:19:37.253,87.0
2026-08-21 23:19:37.254,87.0
2026-08-21 23:20:37.264,87.0
2026-08-21 23:20:37.265,87.0
2026-08-21 23:21:37.264,87.0
2026-08-21 23:21:37.265,87.0
2026-08-21 23:22:37.264,87.0
2026-08-21 23:22:37.265,87.0
2026-08-21 23:23:37.265,87.0
2026-08-21 23:24:37.265,87.0
2026-08-21 23:25:37.265,99.0
2026-08-21 23:25:37.266,99.0
2026-08-21 23:26:37.265,99.0
2026-08-21 23:26:37.266,99.0
2026-08-21 23:27:37.266,99.0
2026-08-21 23:28:37.266,99.0
2026-08-21 23:29:37.266,99.0
2026-08-21 23:30:37.274,99.0
2026-08-21 23:31:37.274,99.0
2026-08-21 23:32:37.274,99.0
2026-08-21 23:33:37.274,99.0
2026-08-21 23:33:37.275,99.0
2026-08-21 23:34:37.274,99.0
2026-08-21 23:34:37.275,99.0
2026-08-21 23:35:37.274,99.0
2026-08-21 23:35:37.275,99.0
2026-08-21 23:36:37.274,99.0
2026-08-21 23:36:37.275,99.0
2026-08-21 23:37:37.274,99.0
2026-08-21 23:37:37.276,99.0
2026-08-21 23:38:37.274,99.0
2026-08-21 23:38:37.276,99.0
2026-08-21 23:39:37.274,99.0
2026-08-21 23:39:37.276,99.0
2026-08-21 23:40:37.288,106.0
2026-08-21 23:40:37.290,106.0
2026-08-21 23:41:37.288,106.0
2026-08-21 23:41:37.290,106.0
2026-08-21 23:42:37.288,106.0
2026-08-21 23:42:37.290,106.0
2026-08-21 23:43:37.288,106.0
2026-08-21 23:43:37.290,106.0
2026-08-21 23:44:37.288,106.0
2026-08-21 23:44:37.290,106.0
2026-08-21 23:45:37.289,106.0
2026-08-21 23:45:37.290,106.0
2026-08-21 23:46:37.289,106.0
2026-08-21 23:46:37.290,106.0
2026-08-21 23:47:37.289,106.0
2026-08-21 23:47:37.291,106.0
2026-08-21 23:48:37.289,106.0
2026-08-21 23:48:37.291,106.0
2026-08-21 23:49:37.289,106.0
2026-08-21 23:49:37.291,106.0
2026-08-21 23:50:37.301,106.0
2026-08-21 23:50:37.303,106.0
2026-08-21 23:51:37.301,106.0
2026-08-21 23:51:37.303,106.0
2026-08-21 23:52:37.301,106.0
2026-08-21 23:52:37.303,106.0
2026-08-21 23:53:37.301,106.0
2026-08-21 23:53:37.303,106.0
2026-08-21 23:54:37.301,106.0
2026-08-21 23:54:37.303,106.0
2026-08-21 23:55:37.301,113.0
2026-08-21 23:55:37.303,113.0
2026-08-21 23:56:37.301,113.0
2026-08-21 23:56:37.303,113.0
2026-08-21 23:57:37.301,113.0
2026-08-21 23:57:37.303,113.0
2026-08-21 23:58:37.301,113.0
2026-08-21 23:58:37.303,113.0
2026-08-21 23:59:37.301,113.0
2026-08-21 23:59:37.303,113.0
2026-08-22 00:00:37.314,113.0
2026-08-22 00:00:37.316,113.0
2026-08-22 00:01:37.314,113.0
2026-08-22 00:01:37.316,113.0
2026-08-22 00:02:37.314,113.0
2026-08-22 00:02:37.316,113.0
2026-08-22 00:03:37.314,113.0
2026-08-22 00:03:37.316,113.0
2026-08-22 00:04:37.315,113.0
2026-08-22 00:04:37.316,113.0
2026-08-22 00:05:37.315,113.0
2026-08-22 00:05:37.316,113.0
2026-08-22 00:06:37.315,113.0
2026-08-22 00:06:37.317,113.0
2026-08-22 00:07:37.315,113.0
2026-08-22 00:07:37.317,113.0
2026-08-22 00:08:37.315,113.0
2026-08-22 00:08:37.317,113.0
2026-08-22 00:09:37.315,113.0
2026-08-22 00:09:37.317,113.0
2026-08-22 00:10:37.328,124.0
2026-08-22 00:10:37.329,124.0
2026-08-22 00:11:37.328,124.0
2026-08-22 00:11:37.329,124.0
2026-08-22 00:12:37.328,124.0
2026-08-22 00:12:37.329,124.0
2026-08-22 00:13:37.328,124.0
2026-08-22 00:13:37.330,124.0
2026-08-22 00:14:37.329,124.0
2026-08-22 00:14:37.330,124.0
2026-08-22 00:15:37.329,124.0
2026-08-22 00:15:37.330,124.0
2026-08-22 00:16:37.329,124.0
2026-08-22 00:16:37.330,124.0
2026-08-22 00:17:37.329,124.0
2026-08-22 00:17:37.330,124.0
2026-08-22 00:18:37.329,124.0
2026-08-22 00:18:37.330,124.0
2026-08-22 00:19:37.329,124.0
2026-08-22 00:19:37.330,124.0
2026-08-22 00:20:37.341,124.0
2026-08-22 00:20:37.342,124.0
2026-08-22 00:21:37.341,124.0
2026-08-22 00:21:37.342,124.0
2026-08-22 00:22:37.341,124.0
2026-08-22 00:22:37.342,124.0
2026-08-22 00:23:37.341,124.0
2026-08-22 00:23:37.342,124.0
2026-08-22 00:24:37.342,138.0
2026-08-22 00:25:37.342,138.0
2026-08-22 00:26:37.342,138.0
2026-08-22 00:27:37.342,138.0
2026-08-22 00:28:37.342,138.0
2026-08-22 00:28:37.343,138.0
2026-08-22 00:29:37.342,138.0
2026-08-22 00:29:37.343,138.0
2026-08-22 00:30:37.352,138.0
2026-08-22 00:30:37.353,138.0
2026-08-22 00:31:37.353,138.0
2026-08-22 00:32:37.353,138.0
2026-08-22 00:33:37.353,138.0
2026-08-22 00:34:37.353,138.0
2026-08-22 00:35:37.353,138.0
2026-08-22 00:35:37.354,138.0
2026-08-22 00:36:37.353,138.0
2026-08-22 00:36:37.354,138.0
2026-08-22 00:37:37.353,138.0
2026-08-22 00:37:37.354,138.0
2026-08-22 00:38:37.353,138.0
2026-08-22 00:38:37.354,138.0
2026-08-22 00:39:37.353,140.0
2026-08-22 00:39:37.354,140.0
2026-08-22 00:40:37.366,140.0
2026-08-22 00:40:37.367,140.0
2026-08-22 00:41:37.367,140.0
2026-08-22 00:41:37.368,140.0
2026-08-22 00:42:37.367,140.0
2026-08-22 00:42:37.368,140.0
2026-08-22 00:43:37.368,140.0
2026-08-22 00:44:37.368,140.0
2026-08-22 00:44:37.369,140.0
2026-08-22 00:45:37.368,140.0
2026-08-22 00:45:37.369,140.0
2026-08-22 00:46:37.368,140.0
2026-08-22 00:46:37.369,140.0
2026-08-22 00:47:37.368,140.0
2026-08-22 00:47:37.369,140.0
2026-08-22 00:48:37.368,140.0
2026-08-22 00:48:37.369,140.0
2026-08-22 00:49:37.368,140.0
2026-08-22 00:49:37.369,140.0
2026-08-22 00:50:37.380,140.0
2026-08-22 00:50:37.381,140.0
2026-08-22 00:51:37.381,140.0
2026-08-22 00:52:37.381,140.0
2026-08-22 00:53:37.381,140.0
2026-08-22 00:53:37.382,140.0
2026-08-22 00:54:37.381,147.0
2026-08-22 00:54:37.382,147.0
2026-08-22 00:55:37.381,147.0
2026-08-22 00:55:37.382,147.0
2026-08-22 00:56:37.381,147.0
2026-08-22 00:56:37.382,147.0
2026-08-22 00:57:37.381,147.0
2026-08-22 00:57:37.382,147.0
2026-08-22 00:58:37.381,147.0
2026-08-22 00:58:37.382,147.0
2026-08-22 00:59:37.381,147.0
2026-08-22 00:59:37.382,147.0
2026-08-22 01:00:37.393,147.0
2026-08-22 01:00:37.394,147.0
2026-08-22 01:01:37.393,147.0
2026-08-22 01:01:37.395,147.0
2026-08-22 01:02:37.394,147.0
2026-08-22 01:02:37.395,147.0
2026-08-22 01:03:37.394,147.0
2026-08-22 01:03:37.395,147.0
2026-08-22 01:04:37.394,147.0
2026-08-22 01:04:37.395,147.0
2026-08-22 01:05:37.395,147.0
2026-08-22 01:06:37.395,147.0
2026-08-22 01:07:37.395,147.0
2026-08-22 01:08:37.395,147.0
2026-08-22 01:09:37.395,156.0
2026-08-22 01:09:37.396,156.0
2026-08-22 01:10:37.405,156.0
2026-08-22 01:10:37.406,156.0
2026-08-22 01:11:37.405,156.0
2026-08-22 01:11:37.406,156.0
2026-08-22 01:12:37.405,156.0
2026-08-22 01:12:37.406,156.0
2026-08-22 01:13:37.405,156.0
2026-08-22 01:13:37.406,156.0
2026-08-22 01:14:37.405,156.0
2026-08-22 01:14:37.406,156.0
2026-08-22 01:15:37.406,156.0
2026-08-22 01:16:37.406,156.0
2026-08-22 01:17:37.406,156.0
2026-08-22 01:18:37.406,156.0
2026-08-22 01:19:37.406,156.0
2026-08-22 01:19:37.407,156.0
2026-08-22 01:20:37.419,156.0
2026-08-22 01:21:37.419,156.0
2026-08-22 01:22:37.419,156.0
2026-08-22 01:22:37.420,156.0
2026-08-22 01:23:37.419,156.0
2026-08-22 01:23:37.420,156.0
2026-08-22 01:24:37.420,160.0
2026-08-22 01:25:37.420,160.0
2026-08-22 01:26:37.420,160.0
2026-08-22 01:27:37.420,160.0
2026-08-22 01:28:37.420,160.0
2026-08-22 01:29:37.420,160.0
2026-08-22 01:30:37.431,160.0
2026-08-22 01:31:37.431,160.0
2026-08-22 01:32:37.431,160.0
2026-08-22 01:33:37.431,160.0
2026-08-22 01:34:37.431,160.0
2026-08-22 01:35:37.431,160.0
2026-08-22 01:36:37.431,160.0
2026-08-22 01:37:37.431,160.0
2026-08-22 01:38:37.431,160.0
2026-08-22 01:39:37.431,164.0
2026-08-22 01:39:37.432,164.0
2026-08-22 01:40:37.446,164.0
2026-08-22 01:41:37.446,164.0
2026-08-22 01:42:37.446,164.0
2026-08-22 01:43:37.446,164.0
2026-08-22 01:43:37.447,164.0
2026-08-22 01:44:37.446,164.0
2026-08-22 01:44:37.447,164.0
2026-08-22 01:45:37.446,164.0
2026-08-22 01:45:37.447,164.0
2026-08-22 01:46:37.446,164.0
2026-08-22 01:46:37.447,164.0
2026-08-22 01:47:37.447,164.0
2026-08-22 01:48:37.447,164.0
2026-08-22 01:49:37.447,164.0
2026-08-22 01:50:37.458,164.0
2026-08-22 01:51:37.458,164.0
2026-08-22 01:52:37.458,164.0
2026-08-22 01:52:37.459,164.0
2026-08-22 01:53:37.458,164.0
2026-08-22 01:53:37.459,164.0
2026-08-22 01:54:37.458,176.0
2026-08-22 01:54:37.459,176.0
2026-08-22 01:55:37.458,176.0
2026-08-22 01:55:37.459,176.0
2026-08-22 01:56:37.458,176.0
2026-08-22 01:56:37.459,176.0
2026-08-22 01:57:37.458,176.0
2026-08-22 01:57:37.459,176.0
2026-08-22 01:58:37.458,176.0
2026-08-22 01:58:37.459,176.0
2026-08-22 01:59:37.459,176.0
2026-08-22 01:59:37.460,176.0
2026-08-22 02:00:37.469,176.0
2026-08-22 02:00:37.470,176.0
2026-08-22 02:01:37.469,176.0
2026-08-22 02:01:37.470,176.0
2026-08-22 02:02:37.469,176.0
2026-08-22 02:02:37.471,176.0
2026-08-22 02:03:37.470,176.0
2026-08-22 02:03:37.471,176.0
2026-08-22 02:04:37.470,176.0
2026-08-22 02:04:37.471,176.0
2026-08-22 02:05:37.470,176.0
2026-08-22 02:05:37.471,176.0
2026-08-22 02:06:37.470,176.0
2026-08-22 02:06:37.471,176.0
2026-08-22 02:07:37.470,176.0
2026-08-22 02:07:37.471,176.0
2026-08-22 02:08:37.470,176.0
2026-08-22 02:08:37.471,176.0
2026-08-22 02:09:37.470,195.0
2026-08-22 02:09:37.471,195.0
2026-08-22 02:10:37.482,195.0
2026-08-22 02:10:37.483,195.0
2026-08-22 02:11:37.482,195.0
2026-08-22 02:11:37.483,195.0
2026-08-22 02:12:37.482,195.0
2026-08-22 02:12:37.483,195.0
2026-08-22 02:13:37.483,195.0
2026-08-22 02:14:37.483,195.0
2026-08-22 02:15:37.483,195.0
2026-08-22 02:16:37.483,195.0
2026-08-22 02:17:37.483,195.0
2026-08-22 02:17:37.484,195.0
2026-08-22 02:18:37.484,195.0
2026-08-22 02:19:37.484,195.0
2026-08-22 02:20:37.496,195.0
2026-08-22 02:21:37.496,195.0
2026-08-22 02:22:37.496,195.0
2026-08-22 02:23:37.496,195.0
2026-08-22 02:24:37.496,212.0
2026-08-22 02:25:37.496,212.0
2026-08-22 02:25:37.497,212.0
2026-08-22 02:26:37.496,212.0
2026-08-22 02:26:37.497,212.0
2026-08-22 02:27:37.497,212.0
2026-08-22 02:28:37.497,212.0
2026-08-22 02:29:37.497,212.0
2026-08-22 02:30:37.510,212.0
2026-08-22 02:30:37.511,212.0
2026-08-22 02:31:37.511,212.0
2026-08-22 02:32:37.511,212.0
2026-08-22 02:33:37.511,212.0
2026-08-22 02:34:37.511,212.0
2026-08-22 02:35:37.511,212.0
2026-08-22 02:36:37.511,212.0
2026-08-22 02:37:37.511,212.0
2026-08-22 02:38:37.511,212.0
2026-08-22 02:38:37.512,212.0
2026-08-22 02:39:37.511,219.0
2026-08-22 02:39:37.512,219.0
2026-08-22 02:40:37.522,219.0
2026-08-22 02:41:37.522,219.0
2026-08-22 02:42:37.522,219.0
2026-08-22 02:43:37.522,219.0
2026-08-22 02:44:37.522,219.0
2026-08-22 02:45:37.522,219.0
2026-08-22 02:45:37.523,219.0
2026-08-22 02:46:37.522,219.0
2026-08-22 02:46:37.523,219.0
2026-08-22 02:47:37.523,219.0
2026-08-22 02:48:37.523,219.0
2026-08-22 02:49:37.523,219.0
2026-08-22 02:50:37.536,219.0
2026-08-22 02:50:37.537,219.0
2026-08-22 02:51:37.536,219.0
2026-08-22 02:51:37.537,219.0
2026-08-22 02:52:37.536,219.0
2026-08-22 02:52:37.537,219.0
2026-08-22 02:53:37.536,225.0
2026-08-22 02:53:37.537,225.0
2026-08-22 02:54:37.536,225.0
2026-08-22 02:54:37.537,225.0
2026-08-22 02:55:37.537,225.0
2026-08-22 02:56:37.537,225.0
2026-08-22 02:57:37.537,225.0
2026-08-22 02:58:37.537,225.0
2026-08-22 02:59:37.537,225.0
2026-08-22 03:00:37.549,225.0
2026-08-22 03:01:37.549,225.0
2026-08-22 03:02:37.549,225.0
2026-08-22 03:03:37.549,225.0
2026-08-22 03:03:37.550,225.0
2026-08-22 03:04:37.550,225.0
2026-08-22 03:05:37.550,225.0
2026-08-22 03:06:37.550,225.0
2026-08-22 03:07:37.550,225.0
2026-08-22 03:08:37.550,230.0
2026-08-22 03:09:37.550,230.0
2026-08-22 03:10:37.562,230.0
2026-08-22 03:11:37.562,230.0
2026-08-22 03:11:37.563,230.0
2026-08-22 03:12:37.562,230.0
2026-08-22 03:12:37.563,230.0
2026-08-22 03:13:37.563,230.0
2026-08-22 03:14:37.563,230.0
2026-08-22 03:15:37.563,230.0
2026-08-22 03:16:37.563,230.0
2026-08-22 03:17:37.563,230.0
2026-08-22 03:18:37.563,230.0
2026-08-22 03:19:37.563,230.0
2026-08-22 03:20:37.573,230.0
2026-08-22 03:21:37.573,230.0
2026-08-22 03:22:37.573,230.0
2026-08-22 03:22:37.574,230.0
2026-08-22 03:23:37.573,242.0
2026-08-22 03:23:37.574,242.0
2026-08-22 03:24:37.574,242.0
2026-08-22 03:25:37.574,242.0
2026-08-22 03:26:37.574,242.0
2026-08-22 03:27:37.574,242.0
2026-08-22 03:28:37.574,242.0
2026-08-22 03:28:37.575,242.0
2026-08-22 03:29:37.574,242.0
2026-08-22 03:29:37.575,242.0
2026-08-22 03:30:37.588,242.0
2026-08-22 03:30:37.589,242.0
2026-08-22 03:31:37.588,242.0
2026-08-22 03:31:37.589,242.0
2026-08-22 03:32:37.588,242.0
2026-08-22 03:32:37.589,242.0
2026-08-22 03:33:37.588,242.0
2026-08-22 03:33:37.589,242.0
2026-08-22 03:34:37.588,242.0
2026-08-22 03:34:37.589,242.0
2026-08-22 03:35:37.589,242.0
2026-08-22 03:36:37.589,242.0
2026-08-22 03:37:37.589,242.0
2026-08-22 03:38:37.589,250.0
2026-08-22 03:38:37.590,250.0
2026-08-22 03:39:37.589,250.0
2026-08-22 03:39:37.590,250.0
2026-08-22 03:40:37.600,250.0
2026-08-22 03:41:37.600,250.0
2026-08-22 03:42:37.600,250.0
2026-08-22 03:43:37.600,250.0
2026-08-22 03:43:37.601,250.0
2026-08-22 03:44:37.600,250.0
2026-08-22 03:44:37.601,250.0
2026-08-22 03:45:37.601,250.0
2026-08-22 03:46:37.601,250.0
2026-08-22 03:47:37.601,250.0
2026-08-22 03:48:37.601,250.0
2026-08-22 03:49:37.601,250.0
2026-08-22 03:50:37.615,250.0
2026-08-22 03:51:37.615,250.0
2026-08-22 03:52:37.615,250.0
2026-08-22 03:53:37.615,255.0
2026-08-22 03:54:37.615,255.0
2026-08-22 03:55:37.615,255.0
2026-08-22 03:56:37.615,255.0
2026-08-22 03:56:37.616,255.0
2026-08-22 03:57:37.615,255.0
2026-08-22 03:57:37.616,255.0
2026-08-22 03:58:37.615,255.0
2026-08-22 03:58:37.616,255.0
2026-08-22 03:59:37.616,255.0
2026-08-22 04:00:37.626,255.0
2026-08-22 04:01:37.626,255.0
2026-08-22 04:02:37.626,255.0
2026-08-22 04:02:37.627,255.0
2026-08-22 04:03:37.627,255.0
2026-08-22 04:04:37.627,255.0
2026-08-22 04:05:37.627,255.0
2026-08-22 04:06:37.627,255.0
2026-08-22 04:07:37.627,255.0
2026-08-22 04:07:37.628,255.0
2026-08-22 04:08:37.628,265.0
2026-08-22 04:09:37.628,265.0
2026-08-22 04:10:37.641,265.0
2026-08-22 04:10:37.642,265.0
2026-08-22 04:11:37.641,265.0
2026-08-22 04:11:37.642,265.0
2026-08-22 04:12:37.642,265.0
2026-08-22 04:13:37.642,265.0
2026-08-22 04:14:37.642,265.0
2026-08-22 04:15:37.642,265.0
2026-08-22 04:16:37.642,265.0
2026-08-22 04:17:37.642,265.0
2026-08-22 04:18:37.642,265.0
2026-08-22 04:18:37.643,265.0
2026-08-22 04:19:37.643,265.0
2026-08-22 04:20:37.653,265.0
2026-08-22 04:21:37.654,265.0
2026-08-22 04:22:37.654,265.0
2026-08-22 04:23:37.654,269.0
2026-08-22 04:24:37.654,269.0
2026-08-22 04:25:37.654,269.0
2026-08-22 04:26:37.654,269.0
2026-08-22 04:27:37.654,269.0
2026-08-22 04:28:37.654,269.0
2026-08-22 04:29:37.654,269.0
2026-08-22 04:30:37.667,269.0
2026-08-22 04:31:37.667,269.0
2026-08-22 04:32:37.667,269.0
2026-08-22 04:33:37.668,269.0
2026-08-22 04:34:37.668,269.0
2026-08-22 04:35:37.668,269.0
2026-08-22 04:36:37.668,269.0
2026-08-22 04:37:37.668,269.0
2026-08-22 04:38:37.668,332.0
2026-08-22 04:38:37.669,332.0
2026-08-22 04:39:37.669,332.0
2026-08-22 04:40:37.680,332.0
2026-08-22 04:41:37.680,332.0
2026-08-22 04:42:37.680,332.0
2026-08-22 04:43:37.680,332.0
2026-08-22 04:44:37.680,332.0
2026-08-22 04:45:37.680,332.0
2026-08-22 04:46:37.680,332.0
2026-08-22 04:47:37.680,332.0
2026-08-22 04:48:37.680,332.0
2026-08-22 04:49:37.680,332.0
2026-08-22 04:49:37.681,332.0
2026-08-22 04:50:37.687,332.0
2026-08-22 04:51:37.687,332.0
2026-08-22 04:52:37.688,332.0
2026-08-22 04:53:37.688,342.0
2026-08-22 04:54:37.688,342.0
2026-08-22 04:55:37.688,342.0
2026-08-22 04:56:37.688,342.0
2026-08-22 04:57:37.688,342.0
2026-08-22 04:58:37.688,342.0
2026-08-22 04:59:37.688,342.0
2026-08-22 05:00:37.702,342.0
2026-08-22 05:01:37.702,342.0
2026-08-22 05:02:37.702,342.0
2026-08-22 05:03:37.702,342.0
2026-08-22 05:04:37.702,342.0
2026-08-22 05:04:37.703,342.0
2026-08-22 05:05:37.702,342.0
2026-08-22 05:05:37.703,342.0
2026-08-22 05:06:37.702,342.0
2026-08-22 05:06:37.703,342.0
2026-08-22 05:07:37.703,342.0
2026-08-22 05:08:37.703,346.0
2026-08-22 05:09:37.703,346.0
2026-08-22 05:10:37.718,346.0
2026-08-22 05:11:37.718,346.0
2026-08-22 05:12:37.718,346.0
2026-08-22 05:12:37.719,346.0
2026-08-22 05:13:37.718,346.0
2026-08-22 05:13:37.719,346.0
2026-08-22 05:14:37.718,346.0
2026-08-22 05:14:37.719,346.0
2026-08-22 05:15:37.719,346.0
2026-08-22 05:16:37.719,346.0
2026-08-22 05:17:37.719,346.0
2026-08-22 05:18:37.719,346.0
2026-08-22 05:19:37.719,346.0
2026-08-22 05:20:37.732,346.0
2026-08-22 05:21:37.732,346.0
2026-08-22 05:22:37.732,356.0
2026-08-22 05:22:37.733,356.0
2026-08-22 05:23:37.732,356.0
2026-08-22 05:23:37.733,356.0
2026-08-22 05:24:37.732,356.0
2026-08-22 05:24:37.733,356.0
2026-08-22 05:25:37.732,356.0
2026-08-22 05:25:37.733,356.0
2026-08-22 05:26:37.732,356.0
2026-08-22 05:26:37.733,356.0
2026-08-22 05:27:37.732,356.0
2026-08-22 05:27:37.733,356.0
2026-08-22 05:28:37.733,356.0
2026-08-22 05:29:37.733,356.0
2026-08-22 05:30:37.743,356.0
2026-08-22 05:31:37.743,356.0
2026-08-22 05:32:37.743,356.0
2026-08-22 05:33:37.743,356.0
2026-08-22 05:33:37.744,356.0
2026-08-22 05:34:37.743,356.0
2026-08-22 05:34:37.744,356.0
2026-08-22 05:35:37.743,356.0
2026-08-22 05:35:37.744,356.0
2026-08-22 05:36:37.743,356.0
2026-08-22 05:36:37.744,356.0
2026-08-22 05:37:37.743,366.0
2026-08-22 05:37:37.744,366.0
2026-08-22 05:38:37.743,366.0
2026-08-22 05:38:37.744,366.0
2026-08-22 05:39:37.743,366.0
2026-08-22 05:39:37.744,366.0
2026-08-22 05:40:37.751,366.0
2026-08-22 05:40:37.752,366.0
2026-08-22 05:41:37.751,366.0
2026-08-22 05:41:37.752,366.0
2026-08-22 05:42:37.751,366.0
2026-08-22 05:42:37.752,366.0
2026-08-22 05:43:37.751,366.0
2026-08-22 05:43:37.752,366.0
2026-08-22 05:44:37.751,366.0
2026-08-22 05:44:37.752,366.0
2026-08-22 05:45:37.751,366.0
2026-08-22 05:45:37.752,366.0
2026-08-22 05:46:37.752,366.0
2026-08-22 05:47:37.752,366.0
2026-08-22 05:48:37.752,366.0
2026-08-22 05:48:37.753,366.0
2026-08-22 05:49:37.753,366.0
2026-08-22 05:50:37.768,366.0
2026-08-22 05:51:37.769,366.0
2026-08-22 05:52:37.769,414.0
2026-08-22 05:53:37.769,414.0
2026-08-22 05:54:37.769,414.0
2026-08-22 05:55:37.769,414.0
2026-08-22 05:56:37.769,414.0
2026-08-22 05:57:37.769,414.0
2026-08-22 05:58:37.769,414.0
2026-08-22 05:59:37.769,414.0
2026-08-22 05:59:37.770,414.0
2026-08-22 06:00:37.782,414.0
2026-08-22 06:01:37.782,414.0
2026-08-22 06:02:37.782,414.0
2026-08-22 06:03:37.782,414.0
2026-08-22 06:04:37.782,414.0
2026-08-22 06:05:37.783,414.0
2026-08-22 06:06:37.783,414.0
2026-08-22 06:07:37.783,454.0
2026-08-22 06:08:37.783,454.0
2026-08-22 06:09:37.783,454.0
2026-08-22 06:10:37.795,454.0
2026-08-22 06:11:37.795,454.0
2026-08-22 06:12:37.795,454.0
2026-08-22 06:13:37.795,454.0
2026-08-22 06:14:37.795,454.0
2026-08-22 06:15:37.795,454.0
2026-08-22 06:16:37.795,454.0
2026-08-22 06:16:37.796,454.0
2026-08-22 06:17:37.795,454.0
2026-08-22 06:17:37.796,454.0
2026-08-22 06:18:37.795,454.0
2026-08-22 06:18:37.796,454.0
2026-08-22 06:19:37.795,454.0
2026-08-22 06:19:37.796,454.0
2026-08-22 06:20:37.807,454.0
2026-08-22 06:21:37.807,454.0
2026-08-22 06:22:37.807,462.0
2026-08-22 06:22:37.808,462.0
2026-08-22 06:23:37.807,462.0
2026-08-22 06:23:37.808,462.0
2026-08-22 06:24:37.807,462.0
2026-08-22 06:24:37.808,462.0
2026-08-22 06:25:37.807,462.0
2026-08-22 06:25:37.808,462.0
2026-08-22 06:26:37.807,462.0
2026-08-22 06:26:37.808,462.0
2026-08-22 06:27:37.808,462.0
2026-08-22 06:28:37.808,462.0
2026-08-22 06:29:37.808,462.0
2026-08-22 06:30:37.820,462.0
2026-08-22 06:31:37.820,462.0
2026-08-22 06:32:37.820,462.0
2026-08-22 06:33:37.820,462.0
2026-08-22 06:34:37.820,462.0
2026-08-22 06:35:37.820,462.0
2026-08-22 06:36:37.820,462.0
2026-08-22 06:37:37.820,465.0
2026-08-22 06:37:37.821,465.0
2026-08-22 06:38:37.820,465.0
2026-08-22 06:38:37.821,465.0
2026-08-22 06:39:37.820,465.0
2026-08-22 06:39:37.821,465.0
2026-08-22 06:40:37.831,465.0
2026-08-22 06:40:37.832,465.0
2026-08-22 06:41:37.831,465.0
2026-08-22 06:41:37.832,465.0
2026-08-22 06:42:37.831,465.0
2026-08-22 06:42:37.832,465.0
2026-08-22 06:43:37.832,465.0
2026-08-22 06:44:37.832,465.0
2026-08-22 06:45:37.832,465.0
2026-08-22 06:46:37.832,465.0
2026-08-22 06:47:37.832,465.0
2026-08-22 06:48:37.832,465.0
2026-08-22 06:49:37.832,465.0
2026-08-22 06:50:37.845,465.0
2026-08-22 06:51:37.845,465.0
2026-08-22 06:52:37.845,474.0
2026-08-22 06:53:37.845,474.0
2026-08-22 06:54:37.845,474.0
2026-08-22 06:55:37.845,474.0
2026-08-22 06:56:37.845,474.0
2026-08-22 06:57:37.845,474.0
2026-08-22 06:58:37.845,474.0
2026-08-22 06:59:37.845,474.0
2026-08-22 06:59:37.846,474.0
2026-08-22 07:00:37.857,474.0
2026-08-22 07:01:37.857,474.0
2026-08-22 07:02:37.857,474.0
2026-08-22 07:03:37.857,474.0
2026-08-22 07:04:37.857,474.0
2026-08-22 07:05:37.857,474.0
2026-08-22 07:05:37.858,474.0
2026-08-22 07:06:37.858,474.0
2026-08-22 07:07:37.858,481.0
2026-08-22 07:08:37.858,481.0
2026-08-22 07:09:37.858,481.0
2026-08-22 07:10:37.871,481.0
2026-08-22 07:11:37.871,481.0
2026-08-22 07:12:37.871,481.0
2026-08-22 07:12:37.872,481.0
2026-08-22 07:13:37.872,481.0
2026-08-22 07:14:37.872,481.0
2026-08-22 07:15:37.872,481.0
2026-08-22 07:16:37.872,481.0
2026-08-22 07:17:37.872,481.0
2026-08-22 07:17:37.873,481.0
2026-08-22 07:18:37.872,481.0
2026-08-22 07:18:37.873,481.0
2026-08-22 07:19:37.873,481.0
2026-08-22 07:20:37.885,481.0
2026-08-22 07:21:37.885,481.0
2026-08-22 07:22:37.885,484.0
2026-08-22 07:23:37.885,484.0
2026-08-22 07:24:37.885,484.0
2026-08-22 07:24:37.886,484.0
2026-08-22 07:25:37.885,484.0
2026-08-22 07:25:37.886,484.0
2026-08-22 07:26:37.885,484.0
2026-08-22 07:26:37.886,484.0
2026-08-22 07:27:37.885,484.0
2026-08-22 07:27:37.886,484.0
2026-08-22 07:28:37.886,484.0
2026-08-22 07:29:37.886,484.0
2026-08-22 07:30:37.897,484.0
2026-08-22 07:30:37.898,484.0
2026-08-22 07:31:37.897,484.0
2026-08-22 07:31:37.898,484.0
2026-08-22 07:32:37.898,484.0
2026-08-22 07:33:37.898,484.0
2026-08-22 07:34:37.898,484.0
2026-08-22 07:35:37.898,484.0
2026-08-22 07:36:37.898,484.0
2026-08-22 07:37:37.898,489.0
2026-08-22 07:38:37.898,489.0
2026-08-22 07:39:37.898,489.0
2026-08-22 07:39:37.899,489.0
2026-08-22 07:40:37.910,489.0
2026-08-22 07:41:37.910,489.0
2026-08-22 07:41:37.911,489.0
2026-08-22 07:42:37.910,489.0
2026-08-22 07:42:37.911,489.0
2026-08-22 07:43:37.910,489.0
2026-08-22 07:43:37.911,489.0
2026-08-22 07:44:37.910,489.0
2026-08-22 07:44:37.911,489.0
2026-08-22 07:45:37.911,489.0
2026-08-22 07:46:37.911,489.0
2026-08-22 07:47:37.911,489.0
2026-08-22 07:48:37.911,489.0
2026-08-22 07:48:37.912,489.0
2026-08-22 07:49:37.911,489.0
2026-08-22 07:49:37.912,489.0
2026-08-22 07:50:37.923,489.0
2026-08-22 07:51:37.923,494.0
2026-08-22 07:52:37.923,494.0
2026-08-22 07:53:37.923,494.0
2026-08-22 07:53:37.924,494.0
2026-08-22 07:54:37.923,494.0
2026-08-22 07:54:37.924,494.0
2026-08-22 07:55:37.923,494.0
2026-08-22 07:55:37.924,494.0
2026-08-22 07:56:37.923,494.0
2026-08-22 07:56:37.924,494.0
2026-08-22 07:57:37.923,494.0
2026-08-22 07:57:37.924,494.0
2026-08-22 07:58:37.923,494.0
2026-08-22 07:58:37.924,494.0
2026-08-22 07:59:37.923,494.0
2026-08-22 07:59:37.924,494.0
2026-08-22 08:00:37.934,494.0
2026-08-22 08:00:37.935,494.0
2026-08-22 08:01:37.935,494.0
2026-08-22 08:02:37.935,494.0
2026-08-22 08:03:37.935,494.0
2026-08-22 08:03:37.936,494.0
2026-08-22 08:04:37.935,494.0
2026-08-22 08:04:37.936,494.0
2026-08-22 08:05:37.935,494.0
2026-08-22 08:05:37.936,494.0
2026-08-22 08:06:37.935,495.0
2026-08-22 08:06:37.936,495.0
2026-08-22 08:07:37.935,495.0
2026-08-22 08:07:37.936,495.0
2026-08-22 08:08:37.935,495.0
2026-08-22 08:08:37.936,495.0
2026-08-22 08:09:37.935,495.0
2026-08-22 08:09:37.936,495.0
2026-08-22 08:10:37.948,495.0
2026-08-22 08:10:37.949,495.0
2026-08-22 08:11:37.948,495.0
2026-08-22 08:11:37.949,495.0
2026-08-22 08:12:37.948,495.0
2026-08-22 08:12:37.949,495.0
2026-08-22 08:13:37.948,495.0
2026-08-22 08:13:37.949,495.0
2026-08-22 08:14:37.948,495.0
2026-08-22 08:14:37.949,495.0
2026-08-22 08:15:37.948,495.0
2026-08-22 08:15:37.950,495.0
2026-08-22 08:16:37.949,495.0
2026-08-22 08:16:37.950,495.0
2026-08-22 08:17:37.949,495.0
2026-08-22 08:17:37.950,495.0
2026-08-22 08:18:37.949,495.0
2026-08-22 08:18:37.950,495.0
2026-08-22 08:19:37.949,495.0
2026-08-22 08:19:37.950,495.0
2026-08-22 08:20:37.962,495.0
2026-08-22 08:20:37.963,495.0
2026-08-22 08:21:37.962,497.0
2026-08-22 08:21:37.963,497.0
2026-08-22 08:22:37.962,497.0
2026-08-22 08:22:37.963,497.0
2026-08-22 08:23:37.962,497.0
2026-08-22 08:23:37.963,497.0
2026-08-22 08:24:37.962,497.0
2026-08-22 08:24:37.963,497.0
2026-08-22 08:25:37.962,497.0
2026-08-22 08:25:37.963,497.0
2026-08-22 08:26:37.962,497.0
2026-08-22 08:26:37.964,497.0
2026-08-22 08:27:37.962,497.0
2026-08-22 08:27:37.964,497.0
2026-08-22 08:28:37.962,497.0
2026-08-22 08:28:37.964,497.0
2026-08-22 08:29:37.962,497.0
2026-08-22 08:29:37.964,497.0
2026-08-22 08:30:37.975,497.0
2026-08-22 08:30:37.976,497.0
2026-08-22 08:31:37.975,497.0
2026-08-22 08:31:37.976,497.0
2026-08-22 08:32:37.975,497.0
2026-08-22 08:32:37.977,497.0
2026-08-22 08:33:37.975,497.0
2026-08-22 08:33:37.977,497.0
2026-08-22 08:34:37.975,497.0
2026-08-22 08:34:37.977,497.0
2026-08-22 08:35:37.976,497.0
2026-08-22 08:35:37.977,497.0
2026-08-22 08:36:37.976,500.0
2026-08-22 08:36:37.977,500.0
2026-08-22 08:37:37.976,500.0
2026-08-22 08:37:37.977,500.0
2026-08-22 08:38:37.976,500.0
2026-08-22 08:38:37.977,500.0
2026-08-22 08:39:37.976,500.0
2026-08-22 08:39:37.977,500.0
2026-08-22 08:40:37.987,500.0
2026-08-22 08:40:37.989,500.0
2026-08-22 08:41:37.987,500.0
2026-08-22 08:41:37.989,500.0
2026-08-22 08:42:37.987,500.0
2026-08-22 08:42:37.989,500.0
2026-08-22 08:43:37.987,500.0
2026-08-22 08:43:37.989,500.0
2026-08-22 08:44:37.987,500.0
2026-08-22 08:44:37.989,500.0
2026-08-22 08:45:37.988,500.0
2026-08-22 08:45:37.989,500.0
2026-08-22 08:46:37.988,500.0
2026-08-22 08:46:37.990,500.0
2026-08-22 08:47:37.988,500.0
2026-08-22 08:47:37.990,500.0
2026-08-22 08:48:37.988,500.0
2026-08-22 08:48:37.990,500.0
2026-08-22 08:49:37.988,500.0
2026-08-22 08:49:37.990,500.0
2026-08-22 08:50:37.999,500.0
2026-08-22 08:50:38.001,500.0
2026-08-22 08:51:37.999,507.0
2026-08-22 08:51:38.001,507.0
2026-08-22 08:52:37.999,507.0
2026-08-22 08:52:38.001,507.0
2026-08-22 08:53:37.999,507.0
2026-08-22 08:53:38.001,507.0
2026-08-22 08:54:37.999,507.0
2026-08-22 08:54:38.002,507.0
2026-08-22 08:55:37.999,507.0
2026-08-22 08:55:38.002,507.0
2026-08-22 08:56:37.999,507.0
2026-08-22 08:56:38.002,507.0
2026-08-22 08:57:37.999,507.0
2026-08-22 08:57:38.002,507.0
2026-08-22 08:58:38.000,507.0
2026-08-22 08:58:38.002,507.0
2026-08-22 08:59:38.000,507.0
2026-08-22 08:59:38.002,507.0
2026-08-22 09:00:38.013,507.0
2026-08-22 09:00:38.015,507.0
2026-08-22 09:01:38.013,507.0
2026-08-22 09:01:38.015,507.0
2026-08-22 09:02:38.013,507.0
2026-08-22 09:02:38.015,507.0
2026-08-22 09:03:38.013,507.0
2026-08-22 09:03:38.015,507.0
2026-08-22 09:04:38.013,507.0
2026-08-22 09:04:38.015,507.0
2026-08-22 09:05:38.013,507.0
2026-08-22 09:05:38.015,507.0
2026-08-22 09:06:38.013,514.0
2026-08-22 09:06:38.015,514.0
2026-08-22 09:07:38.013,514.0
2026-08-22 09:07:38.015,514.0
2026-08-22 09:08:38.013,514.0
2026-08-22 09:08:38.015,514.0
2026-08-22 09:09:38.013,514.0
2026-08-22 09:09:38.015,514.0
2026-08-22 09:10:38.023,514.0
2026-08-22 09:10:38.025,514.0
2026-08-22 09:11:38.023,514.0
2026-08-22 09:11:38.025,514.0
2026-08-22 09:12:38.023,514.0
2026-08-22 09:12:38.025,514.0
2026-08-22 09:13:38.023,514.0
2026-08-22 09:13:38.025,514.0
2026-08-22 09:14:38.023,514.0
2026-08-22 09:14:38.025,514.0
2026-08-22 09:15:38.024,514.0
2026-08-22 09:15:38.025,514.0
2026-08-22 09:16:38.024,514.0
2026-08-22 09:16:38.025,514.0
2026-08-22 09:17:38.024,514.0
2026-08-22 09:17:38.025,514.0
2026-08-22 09:18:38.024,514.0
2026-08-22 09:18:38.025,514.0
2026-08-22 09:19:38.024,514.0
2026-08-22 09:19:38.025,514.0
2026-08-22 09:20:38.037,514.0
2026-08-22 09:20:38.038,514.0
2026-08-22 09:21:38.037,529.0
2026-08-22 09:21:38.038,529.0
2026-08-22 09:22:38.037,529.0
2026-08-22 09:22:38.038,529.0
2026-08-22 09:23:38.037,529.0
2026-08-22 09:23:38.038,529.0
2026-08-22 09:24:38.037,529.0
2026-08-22 09:24:38.038,529.0
2026-08-22 09:25:38.037,529.0
2026-08-22 09:25:38.038,529.0
2026-08-22 09:26:38.037,529.0
2026-08-22 09:26:38.038,529.0
2026-08-22 09:27:38.038,529.0
2026-08-22 09:27:38.039,529.0
2026-08-22 09:28:38.038,529.0
2026-08-22 09:28:38.039,529.0
2026-08-22 09:29:38.038,529.0
2026-08-22 09:29:38.039,529.0
2026-08-22 09:30:38.052,529.0
2026-08-22 09:31:38.052,529.0
2026-08-22 09:32:38.052,529.0
2026-08-22 09:33:38.052,529.0
2026-08-22 09:34:38.052,529.0
2026-08-22 09:34:38.053,529.0
2026-08-22 09:35:38.052,529.0
2026-08-22 09:35:38.053,529.0
2026-08-22 09:36:38.052,536.0
2026-08-22 09:36:38.053,536.0
2026-08-22 09:37:38.052,536.0
2026-08-22 09:37:38.053,536.0
2026-08-22 09:38:38.053,536.0
2026-08-22 09:39:38.053,536.0
2026-08-22 09:40:38.066,536.0
2026-08-22 09:41:38.066,536.0
2026-08-22 09:42:38.066,536.0
2026-08-22 09:43:38.066,536.0
2026-08-22 09:44:38.066,536.0
2026-08-22 09:45:38.067,536.0
2026-08-22 09:46:38.067,536.0
2026-08-22 09:47:38.067,536.0
2026-08-22 09:48:38.067,536.0
2026-08-22 09:49:38.067,536.0
2026-08-22 09:50:38.077,536.0
2026-08-22 09:51:38.077,540.0
2026-08-22 09:52:38.077,540.0
2026-08-22 09:53:38.077,540.0
2026-08-22 09:53:38.078,540.0
2026-08-22 09:54:38.077,540.0
2026-08-22 09:54:38.078,540.0
2026-08-22 09:55:38.077,540.0
2026-08-22 09:55:38.078,540.0
2026-08-22 09:56:38.077,540.0
2026-08-22 09:56:38.078,540.0
2026-08-22 09:57:38.078,540.0
2026-08-22 09:58:38.078,540.0
2026-08-22 09:59:38.078,540.0
2026-08-22 10:00:38.091,540.0
2026-08-22 10:00:38.092,540.0
2026-08-22 10:01:38.091,540.0
2026-08-22 10:01:38.092,540.0
2026-08-22 10:02:38.091,540.0
2026-08-22 10:02:38.092,540.0
2026-08-22 10:03:38.092,540.0
2026-08-22 10:04:38.092,540.0
2026-08-22 10:05:38.092,540.0
2026-08-22 10:06:38.092,3.0
2026-08-22 10:07:38.092,3.0
2026-08-22 10:08:38.092,3.0
2026-08-22 10:08:38.093,3.0
2026-08-22 10:09:38.092,3.0
2026-08-22 10:09:38.093,3.0
2026-08-22 10:10:38.104,3.0
2026-08-22 10:10:38.105,3.0
2026-08-22 10:11:38.105,3.0
2026-08-22 10:12:38.105,3.0
2026-08-22 10:13:38.105,3.0
2026-08-22 10:14:38.105,3.0
2026-08-22 10:15:38.105,3.0
2026-08-22 10:16:38.105,3.0
2026-08-22 10:17:38.105,3.0
2026-08-22 10:18:38.105,3.0
2026-08-22 10:18:38.106,3.0
2026-08-22 10:19:38.106,3.0
2026-08-22 10:20:38.116,7.0
2026-08-22 10:21:38.116,7.0
2026-08-22 10:21:38.117,7.0
2026-08-22 10:22:38.117,7.0
2026-08-22 10:23:38.117,7.0
2026-08-22 10:24:38.117,7.0
2026-08-22 10:25:38.117,7.0
2026-08-22 10:26:38.117,7.0
2026-08-22 10:27:38.117,7.0
2026-08-22 10:28:38.117,7.0
2026-08-22 10:29:38.117,7.0
2026-08-22 10:30:38.130,7.0
2026-08-22 10:31:38.130,7.0
2026-08-22 10:32:38.130,7.0
2026-08-22 10:32:38.131,7.0
2026-08-22 10:33:38.130,7.0
2026-08-22 10:33:38.131,7.0
2026-08-22 10:34:38.131,7.0
2026-08-22 10:35:38.131,13.0
2026-08-22 10:36:38.131,13.0
2026-08-22 10:37:38.131,13.0
2026-08-22 10:38:38.131,13.0
2026-08-22 10:38:38.132,13.0
2026-08-22 10:39:38.131,13.0
2026-08-22 10:39:38.132,13.0
2026-08-22 10:40:38.143,13.0
2026-08-22 10:40:38.144,13.0
2026-08-22 10:41:38.143,13.0
2026-08-22 10:41:38.144,13.0
2026-08-22 10:42:38.143,13.0
2026-08-22 10:42:38.144,13.0
2026-08-22 10:43:38.143,13.0
2026-08-22 10:43:38.144,13.0
2026-08-22 10:44:38.144,13.0
2026-08-22 10:45:38.144,13.0
2026-08-22 10:46:38.144,13.0
2026-08-22 10:47:38.144,13.0
2026-08-22 10:47:38.145,13.0
2026-08-22 10:48:38.144,13.0
2026-08-22 10:48:38.145,13.0
2026-08-22 10:49:38.144,13.0
2026-08-22 10:49:38.145,13.0
2026-08-22 10:50:38.155,31.0
2026-08-22 10:50:38.156,31.0
2026-08-22 10:51:38.155,31.0
2026-08-22 10:51:38.156,31.0
2026-08-22 10:52:38.155,31.0
2026-08-22 10:52:38.157,31.0
2026-08-22 10:53:38.155,31.0
2026-08-22 10:53:38.157,31.0
2026-08-22 10:54:38.155,31.0
2026-08-22 10:54:38.157,31.0
2026-08-22 10:55:38.155,31.0
2026-08-22 10:55:38.157,31.0
2026-08-22 10:56:38.155,31.0
2026-08-22 10:56:38.157,31.0
2026-08-22 10:57:38.155,31.0
2026-08-22 10:57:38.157,31.0
2026-08-22 10:58:38.156,31.0
2026-08-22 10:58:38.157,31.0
2026-08-22 10:59:38.156,31.0
2026-08-22 10:59:38.157,31.0
2026-08-22 11:00:38.167,31.0
2026-08-22 11:00:38.169,31.0
2026-08-22 11:01:38.167,31.0
2026-08-22 11:01:38.169,31.0
2026-08-22 11:02:38.168,31.0
2026-08-22 11:02:38.169,31.0
2026-08-22 11:03:38.168,31.0
2026-08-22 11:03:38.169,31.0
2026-08-22 11:04:38.168,31.0
2026-08-22 11:04:38.169,31.0
2026-08-22 11:05:38.168,40.0
2026-08-22 11:05:38.169,40.0
2026-08-22 11:06:38.168,40.0
2026-08-22 11:06:38.169,40.0
2026-08-22 11:07:38.168,40.0
2026-08-22 11:07:38.170,40.0
2026-08-22 11:08:38.168,40.0
2026-08-22 11:08:38.170,40.0
2026-08-22 11:09:38.168,40.0
2026-08-22 11:09:38.170,40.0
2026-08-22 11:10:38.181,40.0
2026-08-22 11:10:38.183,40.0
2026-08-22 11:11:38.181,40.0
2026-08-22 11:11:38.183,40.0
2026-08-22 11:12:38.181,40.0
2026-08-22 11:12:38.183,40.0
2026-08-22 11:13:38.182,40.0
2026-08-22 11:13:38.184,40.0
2026-08-22 11:14:38.182,40.0
2026-08-22 11:14:38.184,40.0
2026-08-22 11:15:38.182,40.0
2026-08-22 11:15:38.184,40.0
2026-08-22 11:16:38.182,40.0
2026-08-22 11:16:38.184,40.0
2026-08-22 11:17:38.182,40.0
2026-08-22 11:17:38.184,40.0
2026-08-22 11:18:38.182,40.0
2026-08-22 11:18:38.184,40.0
2026-08-22 11:19:38.182,40.0
2026-08-22 11:19:38.184,40.0
2026-08-22 11:20:38.194,53.0
2026-08-22 11:20:38.195,53.0
2026-08-22 11:21:38.194,53.0
2026-08-22 11:21:38.195,53.0
2026-08-22 11:22:38.194,53.0
2026-08-22 11:22:38.195,53.0
2026-08-22 11:23:38.194,53.0
2026-08-22 11:23:38.195,53.0
2026-08-22 11:24:38.194,53.0
2026-08-22 11:24:38.195,53.0
2026-08-22 11:25:38.194,53.0
2026-08-22 11:25:38.195,53.0
2026-08-22 11:26:38.194,53.0
2026-08-22 11:26:38.196,53.0
2026-08-22 11:27:38.194,53.0
2026-08-22 11:27:38.196,53.0
2026-08-22 11:28:38.194,53.0
2026-08-22 11:28:38.196,53.0
2026-08-22 11:29:38.195,53.0
2026-08-22 11:29:38.196,53.0
2026-08-22 11:30:38.202,53.0
2026-08-22 11:30:38.204,53.0
2026-08-22 11:31:38.203,53.0
2026-08-22 11:31:38.204,53.0
2026-08-22 11:32:38.203,53.0
2026-08-22 11:32:38.204,53.0
2026-08-22 11:33:38.203,53.0
2026-08-22 11:33:38.204,53.0
2026-08-22 11:34:38.203,53.0
2026-08-22 11:34:38.204,53.0
2026-08-22 11:35:38.203,64.0
2026-08-22 11:35:38.204,64.0
2026-08-22 11:36:38.203,64.0
2026-08-22 11:36:38.205,64.0
2026-08-22 11:37:38.204,64.0
2026-08-22 11:37:38.205,64.0
2026-08-22 11:38:38.204,64.0
2026-08-22 11:38:38.205,64.0
2026-08-22 11:39:38.204,64.0
2026-08-22 11:39:38.205,64.0
2026-08-22 11:40:38.222,64.0
2026-08-22 11:40:38.224,64.0
2026-08-22 11:41:38.223,64.0
2026-08-22 11:41:38.224,64.0
2026-08-22 11:42:38.223,64.0
2026-08-22 11:42:38.224,64.0
2026-08-22 11:43:38.223,64.0
2026-08-22 11:43:38.224,64.0
2026-08-22 11:44:38.223,64.0
2026-08-22 11:44:38.224,64.0
2026-08-22 11:45:38.223,64.0
2026-08-22 11:45:38.225,64.0
2026-08-22 11:46:38.223,64.0
2026-08-22 11:46:38.225,64.0
2026-08-22 11:47:38.224,64.0
2026-08-22 11:47:38.225,64.0
2026-08-22 11:48:38.224,64.0
2026-08-22 11:48:38.225,64.0
2026-08-22 11:49:38.224,64.0
2026-08-22 11:49:38.225,64.0
2026-08-22 11:50:38.230,69.0
2026-08-22 11:50:38.232,69.0
2026-08-22 11:51:38.230,69.0
2026-08-22 11:51:38.232,69.0
2026-08-22 11:52:38.231,69.0
2026-08-22 11:52:38.232,69.0
2026-08-22 11:53:38.231,69.0
2026-08-22 11:53:38.232,69.0
2026-08-22 11:54:38.231,69.0
2026-08-22 11:54:38.232,69.0
2026-08-22 11:55:38.231,69.0
2026-08-22 11:55:38.232,69.0
2026-08-22 11:56:38.231,69.0
2026-08-22 11:56:38.232,69.0
2026-08-22 11:57:38.231,69.0
2026-08-22 11:57:38.233,69.0
2026-08-22 11:58:38.231,69.0
2026-08-22 11:58:38.233,69.0
2026-08-22 11:59:38.232,69.0
2026-08-22 11:59:38.233,69.0
2026-08-22 12:00:38.246,69.0
2026-08-22 12:00:38.247,69.0
2026-08-22 12:01:38.246,69.0
2026-08-22 12:01:38.247,69.0
2026-08-22 12:02:38.246,69.0
2026-08-22 12:02:38.247,69.0
2026-08-22 12:03:38.246,69.0
2026-08-22 12:03:38.247,69.0
2026-08-22 12:04:38.246,69.0
2026-08-22 12:04:38.247,69.0
2026-08-22 12:05:38.246,74.0
2026-08-22 12:05:38.247,74.0
2026-08-22 12:06:38.247,74.0
2026-08-22 12:06:38.248,74.0
2026-08-22 12:07:38.247,74.0
2026-08-22 12:07:38.248,74.0
2026-08-22 12:08:38.247,74.0
2026-08-22 12:08:38.248,74.0
2026-08-22 12:09:38.247,74.0
2026-08-22 12:09:38.248,74.0
2026-08-22 12:10:38.261,74.0
2026-08-22 12:10:38.262,74.0
2026-08-22 12:11:38.261,74.0
2026-08-22 12:11:38.262,74.0
2026-08-22 12:12:38.261,74.0
2026-08-22 12:12:38.262,74.0
2026-08-22 12:13:38.261,74.0
2026-08-22 12:13:38.262,74.0
2026-08-22 12:14:38.261,74.0
2026-08-22 12:14:38.262,74.0
2026-08-22 12:15:38.261,74.0
2026-08-22 12:15:38.262,74.0
2026-08-22 12:16:38.262,74.0
2026-08-22 12:17:38.262,74.0
2026-08-22 12:17:38.263,74.0
2026-08-22 12:18:38.262,74.0
2026-08-22 12:18:38.263,74.0
2026-08-22 12:19:38.263,74.0
2026-08-22 12:20:38.273,76.0
2026-08-22 12:20:38.274,76.0
2026-08-22 12:21:38.273,76.0
2026-08-22 12:21:38.274,76.0
2026-08-22 12:22:38.274,76.0
2026-08-22 12:23:38.274,76.0
2026-08-22 12:24:38.274,76.0
2026-08-22 12:24:38.275,76.0
2026-08-22 12:25:38.274,76.0
2026-08-22 12:25:38.275,76.0
2026-08-22 12:26:38.274,76.0
2026-08-22 12:26:38.275,76.0
2026-08-22 12:27:38.274,76.0
2026-08-22 12:27:38.275,76.0
2026-08-22 12:28:38.274,76.0
2026-08-22 12:28:38.275,76.0
2026-08-22 12:29:38.274,76.0
2026-08-22 12:29:38.275,76.0
2026-08-22 12:30:38.286,76.0
2026-08-22 12:30:38.287,76.0
2026-08-22 12:31:38.286,76.0
2026-08-22 12:31:38.287,76.0
2026-08-22 12:32:38.286,76.0
2026-08-22 12:32:38.287,76.0
2026-08-22 12:33:38.286,76.0
2026-08-22 12:33:38.287,76.0
2026-08-22 12:34:38.286,76.0
2026-08-22 12:34:38.287,76.0
2026-08-22 12:35:38.286,81.0
2026-08-22 12:35:38.287,81.0
2026-08-22 12:36:38.287,81.0
2026-08-22 12:36:38.288,81.0
2026-08-22 12:37:38.287,81.0
2026-08-22 12:37:38.288,81.0
2026-08-22 12:38:38.287,81.0
2026-08-22 12:38:38.288,81.0
2026-08-22 12:39:38.287,81.0
2026-08-22 12:39:38.288,81.0
2026-08-22 12:40:38.299,81.0
2026-08-22 12:40:38.300,81.0
2026-08-22 12:41:38.300,81.0
2026-08-22 12:42:38.300,81.0
2026-08-22 12:43:38.300,81.0
2026-08-22 12:44:38.300,81.0
2026-08-22 12:45:38.300,81.0
2026-08-22 12:46:38.300,81.0
2026-08-22 12:47:38.300,81.0
2026-08-22 12:48:38.300,81.0
2026-08-22 12:48:38.301,81.0
2026-08-22 12:49:38.301,91.0
2026-08-22 12:50:38.311,91.0
2026-08-22 12:51:38.311,91.0
2026-08-22 12:52:38.311,91.0
2026-08-22 12:53:38.311,91.0
2026-08-22 12:54:38.311,91.0
2026-08-22 12:55:38.311,91.0
2026-08-22 12:55:38.312,91.0
2026-08-22 12:56:38.311,91.0
2026-08-22 12:56:38.312,91.0
2026-08-22 12:57:38.311,91.0
2026-08-22 12:57:38.312,91.0
2026-08-22 12:58:38.311,91.0
2026-08-22 12:58:38.312,91.0
2026-08-22 12:59:38.311,91.0
2026-08-22 12:59:38.312,91.0
2026-08-22 13:00:38.325,91.0
2026-08-22 13:00:38.326,91.0
2026-08-22 13:01:38.325,91.0
2026-08-22 13:01:38.326,91.0
2026-08-22 13:02:38.325,91.0
2026-08-22 13:02:38.326,91.0
2026-08-22 13:03:38.326,91.0
2026-08-22 13:04:38.326,94.0
2026-08-22 13:05:38.326,94.0
2026-08-22 13:06:38.326,94.0
2026-08-22 13:07:38.326,94.0
2026-08-22 13:08:38.326,94.0
2026-08-22 13:09:38.326,94.0
2026-08-22 13:10:38.339,94.0
2026-08-22 13:11:38.339,94.0
2026-08-22 13:12:38.339,94.0
2026-08-22 13:13:38.339,94.0
2026-08-22 13:13:38.340,94.0
2026-08-22 13:14:38.339,94.0
2026-08-22 13:14:38.340,94.0
2026-08-22 13:15:38.339,94.0
2026-08-22 13:15:38.340,94.0
2026-08-22 13:16:38.339,94.0
2026-08-22 13:16:38.340,94.0
2026-08-22 13:17:38.339,94.0
2026-08-22 13:17:38.340,94.0
2026-08-22 13:18:38.340,94.0
2026-08-22 13:18:38.341,94.0
2026-08-22 13:19:38.340,95.0
2026-08-22 13:19:38.341,95.0
2026-08-22 13:20:38.346,95.0
2026-08-22 13:20:38.347,95.0
2026-08-22 13:21:38.346,95.0
2026-08-22 13:21:38.347,95.0
2026-08-22 13:22:38.346,95.0
2026-08-22 13:22:38.347,95.0
2026-08-22 13:23:38.347,95.0
2026-08-22 13:24:38.347,95.0
2026-08-22 13:24:38.348,95.0
2026-08-22 13:25:38.347,95.0
2026-08-22 13:25:38.348,95.0
2026-08-22 13:26:38.347,95.0
2026-08-22 13:26:38.348,95.0
2026-08-22 13:27:38.347,95.0
2026-08-22 13:27:38.348,95.0
2026-08-22 13:28:38.347,95.0
2026-08-22 13:28:38.348,95.0
2026-08-22 13:29:38.347,95.0
2026-08-22 13:29:38.348,95.0
2026-08-22 13:30:38.363,95.0
2026-08-22 13:30:38.364,95.0
2026-08-22 13:31:38.363,95.0
2026-08-22 13:31:38.364,95.0
2026-08-22 13:32:38.363,95.0
2026-08-22 13:32:38.364,95.0
2026-08-22 13:33:38.363,95.0
2026-08-22 13:33:38.364,95.0
2026-08-22 13:34:38.363,98.0
2026-08-22 13:34:38.364,98.0
2026-08-22 13:35:38.363,98.0
2026-08-22 13:35:38.364,98.0
2026-08-22 13:36:38.364,98.0
2026-08-22 13:37:38.364,98.0
2026-08-22 13:38:38.364,98.0
2026-08-22 13:38:38.365,98.0
2026-08-22 13:39:38.364,98.0
2026-08-22 13:39:38.365,98.0
2026-08-22 13:40:38.375,98.0
2026-08-22 13:40:38.376,98.0
2026-08-22 13:41:38.375,98.0
2026-08-22 13:41:38.376,98.0
2026-08-22 13:42:38.375,98.0
2026-08-22 13:42:38.376,98.0
2026-08-22 13:43:38.375,98.0
2026-08-22 13:43:38.376,98.0
2026-08-22 13:44:38.375,98.0
2026-08-22 13:44:38.376,98.0
2026-08-22 13:45:38.375,98.0
2026-08-22 13:45:38.376,98.0
2026-08-22 13:46:38.375,98.0
2026-08-22 13:46:38.376,98.0
2026-08-22 13:47:38.376,98.0
2026-08-22 13:48:38.376,98.0
2026-08-22 13:49:38.376,102.0
2026-08-22 13:50:38.387,102.0
2026-08-22 13:50:38.388,102.0
2026-08-22 13:51:38.387,102.0
2026-08-22 13:51:38.388,102.0
2026-08-22 13:52:38.388,102.0
2026-08-22 13:53:38.388,102.0
2026-08-22 13:54:38.388,102.0
2026-08-22 13:55:38.388,102.0
2026-08-22 13:56:38.388,102.0
2026-08-22 13:57:38.388,102.0
2026-08-22 13:58:38.388,102.0
2026-08-22 13:59:38.388,102.0
2026-08-22 13:59:38.389,102.0
2026-08-22 14:00:38.404,102.0
2026-08-22 14:01:38.404,102.0
2026-08-22 14:02:38.404,102.0
2026-08-22 14:03:38.404,102.0
2026-08-22 14:04:38.404,107.0
2026-08-22 14:05:38.404,107.0
2026-08-22 14:06:38.404,107.0
2026-08-22 14:06:38.405,107.0
2026-08-22 14:07:38.405,107.0
2026-08-22 14:08:38.405,107.0
2026-08-22 14:09:38.405,107.0
2026-08-22 14:10:38.413,107.0
2026-08-22 14:11:38.413,107.0
2026-08-22 14:12:38.413,107.0
2026-08-22 14:13:38.413,107.0
2026-08-22 14:13:38.414,107.0
2026-08-22 14:14:38.413,107.0
2026-08-22 14:14:38.414,107.0
2026-08-22 14:15:38.414,107.0
2026-08-22 14:16:38.414,107.0
2026-08-22 14:17:38.414,107.0
2026-08-22 14:18:38.414,107.0
2026-08-22 14:19:38.414,116.0
2026-08-22 14:20:38.425,116.0
2026-08-22 14:21:38.425,116.0
2026-08-22 14:21:38.426,116.0
2026-08-22 14:22:38.425,116.0
2026-08-22 14:22:38.426,116.0
2026-08-22 14:23:38.425,116.0
2026-08-22 14:23:38.426,116.0
2026-08-22 14:24:38.426,116.0
2026-08-22 14:25:38.426,116.0
2026-08-22 14:26:38.426,116.0
2026-08-22 14:27:38.426,116.0
2026-08-22 14:28:38.426,116.0
2026-08-22 14:28:38.427,116.0
2026-08-22 14:29:38.427,116.0
2026-08-22 14:30:38.440,116.0
2026-08-22 14:31:38.440,116.0
2026-08-22 14:32:38.440,116.0
2026-08-22 14:32:38.441,116.0
2026-08-22 14:33:38.441,116.0
2026-08-22 14:34:38.441,123.0
2026-08-22 14:35:38.441,123.0
2026-08-22 14:36:38.441,123.0
2026-08-22 14:37:38.441,123.0
2026-08-22 14:37:38.442,123.0
2026-08-22 14:38:38.442,123.0
2026-08-22 14:39:38.442,123.0
2026-08-22 14:40:38.453,123.0
2026-08-22 14:41:38.453,123.0
2026-08-22 14:42:38.453,123.0
2026-08-22 14:43:38.453,123.0
2026-08-22 14:44:38.453,123.0
2026-08-22 14:45:38.453,123.0
2026-08-22 14:46:38.453,123.0
2026-08-22 14:47:38.453,123.0
2026-08-22 14:47:38.454,123.0
2026-08-22 14:48:38.453,123.0
2026-08-22 14:48:38.454,123.0
2026-08-22 14:49:38.453,136.0
2026-08-22 14:49:38.454,136.0
2026-08-22 14:50:38.464,136.0
2026-08-22 14:50:38.465,136.0
2026-08-22 14:51:38.465,136.0
2026-08-22 14:52:38.465,136.0
2026-08-22 14:53:38.465,136.0
2026-08-22 14:54:38.465,136.0
2026-08-22 14:54:38.466,136.0
2026-08-22 14:55:38.465,136.0
2026-08-22 14:55:38.466,136.0
2026-08-22 14:56:38.465,136.0
2026-08-22 14:56:38.466,136.0
2026-08-22 14:57:38.465,136.0
2026-08-22 14:57:38.466,136.0
2026-08-22 14:58:38.466,136.0
2026-08-22 14:59:38.466,136.0
2026-08-22 15:00:38.478,136.0
2026-08-22 15:01:38.478,136.0
2026-08-22 15:02:38.478,136.0
2026-08-22 15:03:38.478,136.0
2026-08-22 15:04:38.478,142.0
2026-08-22 15:05:38.478,142.0
2026-08-22 15:06:38.478,142.0
2026-08-22 15:07:38.478,142.0
2026-08-22 15:08:38.478,142.0
2026-08-22 15:09:38.478,142.0
2026-08-22 15:09:38.479,142.0
2026-08-22 15:10:38.489,142.0
2026-08-22 15:10:38.490,142.0
2026-08-22 15:11:38.489,142.0
2026-08-22 15:11:38.490,142.0
2026-08-22 15:12:38.490,142.0
2026-08-22 15:13:38.490,142.0
2026-08-22 15:14:38.490,142.0
2026-08-22 15:15:38.490,142.0
2026-08-22 15:16:38.490,142.0
2026-08-22 15:17:38.490,142.0
2026-08-22 15:17:38.491,142.0
2026-08-22 15:18:38.490,153.0
2026-08-22 15:18:38.491,153.0
2026-08-22 15:19:38.490,153.0
2026-08-22 15:19:38.491,153.0
2026-08-22 15:20:38.500,153.0
2026-08-22 15:21:38.501,153.0
2026-08-22 15:22:38.501,153.0
2026-08-22 15:23:38.501,153.0
2026-08-22 15:24:38.501,153.0
2026-08-22 15:25:38.501,153.0
2026-08-22 15:26:38.501,153.0
2026-08-22 15:27:38.501,153.0
2026-08-22 15:28:38.501,153.0
2026-08-22 15:29:38.501,153.0
2026-08-22 15:29:38.502,153.0
2026-08-22 15:30:38.516,153.0
2026-08-22 15:30:38.517,153.0
2026-08-22 15:31:38.517,153.0
2026-08-22 15:32:38.517,153.0
2026-08-22 15:33:38.517,157.0
2026-08-22 15:34:38.517,157.0
2026-08-22 15:35:38.517,157.0
2026-08-22 15:35:38.518,157.0
2026-08-22 15:36:38.517,157.0
2026-08-22 15:36:38.518,157.0
2026-08-22 15:37:38.518,157.0
2026-08-22 15:38:38.518,157.0
2026-08-22 15:39:38.518,157.0
2026-08-22 15:40:38.529,157.0
2026-08-22 15:41:38.529,157.0
2026-08-22 15:42:38.529,157.0
2026-08-22 15:43:38.529,157.0
2026-08-22 15:43:38.530,157.0
2026-08-22 15:44:38.530,157.0
2026-08-22 15:45:38.530,157.0
2026-08-22 15:46:38.530,157.0
2026-08-22 15:47:38.530,157.0
2026-08-22 15:48:38.530,157.0
2026-08-22 15:49:38.530,157.0
2026-08-22 15:50:38.540,157.0
2026-08-22 15:51:38.540,157.0
2026-08-22 15:52:38.540,157.0
2026-08-22 15:53:38.540,157.0
2026-08-22 15:54:38.540,157.0
2026-08-22 15:54:38.541,157.0
2026-08-22 15:55:38.540,157.0
2026-08-22 15:55:38.541,157.0
2026-08-22 15:56:38.540,157.0
2026-08-22 15:56:38.541,157.0
2026-08-22 15:57:38.541,157.0
2026-08-22 15:58:38.541,157.0
2026-08-22 15:59:38.541,157.0
2026-08-22 16:00:38.555,157.0
2026-08-22 16:01:38.556,157.0
2026-08-22 16:02:38.556,157.0
2026-08-22 16:03:38.556,157.0
2026-08-22 16:04:38.556,157.0
2026-08-22 16:05:38.556,157.0
2026-08-22 16:06:38.556,157.0
2026-08-22 16:07:38.556,157.0
2026-08-22 16:08:38.556,157.0
2026-08-22 16:09:38.556,157.0
2026-08-22 16:10:38.567,157.0
2026-08-22 16:11:38.567,157.0
2026-08-22 16:12:38.567,157.0
2026-08-22 16:13:38.567,157.0
2026-08-22 16:14:38.567,157.0
2026-08-22 16:15:38.567,157.0
2026-08-22 16:15:38.568,157.0
2026-08-22 16:16:38.567,157.0
2026-08-22 16:16:38.568,157.0
2026-08-22 16:17:38.567,157.0
2026-08-22 16:17:38.568,157.0
2026-08-22 16:18:38.568,157.0
2026-08-22 16:19:38.568,157.0
2026-08-22 16:20:38.578,157.0
2026-08-22 16:20:38.579,157.0
2026-08-22 16:21:38.578,157.0
2026-08-22 16:21:38.579,157.0
2026-08-22 16:22:38.579,157.0
2026-08-22 16:23:38.579,157.0
2026-08-22 16:24:38.579,157.0
2026-08-22 16:25:38.579,157.0
2026-08-22 16:26:38.579,157.0
2026-08-22 16:27:38.579,157.0
2026-08-22 16:28:38.579,157.0
2026-08-22 16:29:38.579,157.0
2026-08-22 16:30:38.591,157.0
2026-08-22 16:31:38.591,157.0
2026-08-22 16:32:38.591,157.0
2026-08-22 16:32:38.592,157.0
2026-08-22 16:33:38.591,157.0
2026-08-22 16:33:38.592,157.0
2026-08-22 16:34:38.592,157.0
2026-08-22 16:35:38.592,157.0
2026-08-22 16:36:38.592,157.0
2026-08-22 16:37:38.592,157.0
2026-08-22 16:38:38.592,157.0
2026-08-22 16:39:38.592,157.0
2026-08-22 16:40:38.602,157.0
2026-08-22 16:41:38.602,157.0
2026-08-22 16:42:38.602,157.0
2026-08-22 16:43:38.602,157.0
2026-08-22 16:44:38.602,157.0
2026-08-22 16:44:38.603,157.0
2026-08-22 16:45:38.602,157.0
2026-08-22 16:45:38.603,157.0
2026-08-22 16:46:38.602,157.0
2026-08-22 16:46:38.603,157.0
2026-08-22 16:47:38.602,157.0
2026-08-22 16:47:38.603,157.0
2026-08-22 16:48:38.603,157.0
2026-08-22 16:49:38.603,157.0
2026-08-22 16:50:38.616,157.0
2026-08-22 16:51:38.616,157.0
2026-08-22 16:51:38.617,157.0
2026-08-22 16:52:38.616,157.0
2026-08-22 16:52:38.617,157.0
2026-08-22 16:53:38.616,157.0
2026-08-22 16:53:38.617,157.0
2026-08-22 16:54:38.616,157.0
2026-08-22 16:54:38.617,157.0
2026-08-22 16:55:38.617,157.0
2026-08-22 16:55:38.618,157.0
2026-08-22 16:56:38.617,157.0
2026-08-22 16:56:38.618,157.0
2026-08-22 16:57:38.617,157.0
2026-08-22 16:57:38.618,157.0
2026-08-22 16:58:38.617,157.0
2026-08-22 16:58:38.618,157.0
2026-08-22 16:59:38.617,157.0
2026-08-22 16:59:38.618,157.0
2026-08-22 17:00:38.630,157.0
2026-08-22 17:00:38.631,157.0
2026-08-22 17:01:38.630,157.0
2026-08-22 17:01:38.631,157.0
2026-08-22 17:02:38.630,157.0
2026-08-22 17:02:38.631,157.0
2026-08-22 17:03:38.631,157.0
2026-08-22 17:04:38.631,157.0
2026-08-22 17:04:38.632,157.0
2026-08-22 17:05:38.631,157.0
2026-08-22 17:05:38.632,157.0
2026-08-22 17:06:38.631,157.0
2026-08-22 17:06:38.632,157.0
2026-08-22 17:07:38.632,157.0
2026-08-22 17:08:38.632,157.0
2026-08-22 17:09:38.632,157.0
2026-08-22 17:10:38.642,157.0
2026-08-22 17:10:38.643,157.0
2026-08-22 17:11:38.642,157.0
2026-08-22 17:11:38.643,157.0
2026-08-22 17:12:38.642,157.0
2026-08-22 17:12:38.643,157.0
2026-08-22 17:13:38.642,157.0
2026-08-22 17:13:38.643,157.0
2026-08-22 17:14:38.643,157.0
2026-08-22 17:15:38.643,157.0
2026-08-22 17:16:38.643,157.0
2026-08-22 17:17:38.644,157.0
2026-08-22 17:18:38.644,157.0
2026-08-22 17:19:38.644,157.0
2026-08-22 17:20:38.656,157.0
2026-08-22 17:20:38.657,157.0
2026-08-22 17:21:38.656,157.0
2026-08-22 17:21:38.657,157.0
2026-08-22 17:22:38.656,157.0
2026-08-22 17:22:38.657,157.0
2026-08-22 17:23:38.657,157.0
2026-08-22 17:24:38.657,157.0
2026-08-22 17:25:38.657,157.0
2026-08-22 17:26:38.657,157.0
2026-08-22 17:27:38.657,157.0
2026-08-22 17:28:38.657,157.0
2026-08-22 17:28:38.658,157.0
2026-08-22 17:29:38.657,157.0
2026-08-22 17:29:38.658,157.0
2026-08-22 17:30:38.668,157.0
2026-08-22 17:30:38.669,157.0
2026-08-22 17:31:38.668,157.0
2026-08-22 17:31:38.669,157.0
2026-08-22 17:32:38.668,157.0
2026-08-22 17:32:38.669,157.0
2026-08-22 17:33:38.668,157.0
2026-08-22 17:33:38.669,157.0
2026-08-22 17:34:38.668,157.0
2026-08-22 17:34:38.669,157.0
2026-08-22 17:35:38.669,157.0
2026-08-22 17:36:38.669,157.0
2026-08-22 17:37:38.669,157.0
2026-08-22 17:38:38.669,157.0
2026-08-22 17:38:38.670,157.0
2026-08-22 17:39:38.669,157.0
2026-08-22 17:39:38.670,157.0
2026-08-22 17:40:38.681,157.0
2026-08-22 17:41:38.681,157.0
2026-08-22 17:41:38.682,157.0
2026-08-22 17:42:38.681,157.0
2026-08-22 17:42:38.682,157.0
2026-08-22 17:43:38.682,157.0
2026-08-22 17:44:38.682,157.0
2026-08-22 17:45:38.682,157.0
2026-08-22 17:46:38.682,157.0
2026-08-22 17:47:38.682,157.0
2026-08-22 17:48:38.682,157.0
2026-08-22 17:48:38.683,157.0
2026-08-22 17:49:38.683,157.0
2026-08-22 17:50:38.693,157.0
2026-08-22 17:51:38.693,157.0
2026-08-22 17:52:38.693,157.0
2026-08-22 17:53:38.693,157.0
2026-08-22 17:53:38.694,157.0
2026-08-22 17:54:38.693,157.0
2026-08-22 17:54:38.694,157.0
2026-08-22 17:55:38.694,157.0
2026-08-22 17:56:38.694,157.0
2026-08-22 17:57:38.694,157.0
2026-08-22 17:58:38.694,157.0
2026-08-22 17:59:38.694,157.0
2026-08-22 18:00:38.706,157.0
2026-08-22 18:01:38.706,157.0
2026-08-22 18:02:38.706,157.0
2026-08-22 18:03:38.706,157.0
2026-08-22 18:03:38.707,157.0
2026-08-22 18:04:38.707,157.0
2026-08-22 18:05:38.707,157.0
2026-08-22 18:06:38.707,157.0
2026-08-22 18:07:38.707,157.0
2026-08-22 18:08:38.707,157.0
2026-08-22 18:09:38.707,157.0
2026-08-22 18:10:38.717,157.0
2026-08-22 18:10:38.718,157.0
2026-08-22 18:11:38.717,157.0
2026-08-22 18:11:38.718,157.0
2026-08-22 18:12:38.717,157.0
2026-08-22 18:12:38.718,157.0
2026-08-22 18:13:38.717,157.0
2026-08-22 18:13:38.718,157.0
2026-08-22 18:14:38.717,157.0
2026-08-22 18:14:38.718,157.0
2026-08-22 18:15:38.718,157.0
2026-08-22 18:16:38.718,157.0
2026-08-22 18:17:38.718,157.0
2026-08-22 18:17:38.719,157.0
2026-08-22 18:18:38.718,157.0
2026-08-22 18:18:38.719,157.0
2026-08-22 18:19:38.718,157.0
2026-08-22 18:19:38.719,157.0
2026-08-22 18:20:38.730,157.0
2026-08-22 18:21:38.730,157.0
2026-08-22 18:22:38.730,157.0
2026-08-22 18:23:38.730,157.0
2026-08-22 18:23:38.731,157.0
2026-08-22 18:24:38.730,157.0
2026-08-22 18:24:38.731,157.0
2026-08-22 18:25:38.730,157.0
2026-08-22 18:25:38.731,157.0
2026-08-22 18:26:38.731,157.0
2026-08-22 18:27:38.731,157.0
2026-08-22 18:28:38.731,157.0
2026-08-22 18:29:38.731,157.0
2026-08-22 18:30:38.744,157.0
2026-08-22 18:31:38.744,157.0
2026-08-22 18:31:38.745,157.0
2026-08-22 18:32:38.744,157.0
2026-08-22 18:32:38.745,157.0
2026-08-22 18:33:38.744,157.0
2026-08-22 18:33:38.745,157.0
2026-08-22 18:34:38.744,157.0
2026-08-22 18:34:38.745,157.0
2026-08-22 18:35:38.744,157.0
2026-08-22 18:35:38.745,157.0
2026-08-22 18:36:38.744,157.0
2026-08-22 18:36:38.745,157.0
2026-08-22 18:37:38.744,157.0
2026-08-22 18:37:38.745,157.0
2026-08-22 18:38:38.744,157.0
2026-08-22 18:38:38.745,157.0
2026-08-22 18:39:38.745,157.0
2026-08-22 18:40:38.755,157.0
2026-08-22 18:41:38.755,157.0
2026-08-22 18:41:38.756,157.0
2026-08-22 18:42:38.755,157.0
2026-08-22 18:42:38.756,157.0
2026-08-22 18:43:38.755,157.0
2026-08-22 18:43:38.756,157.0
2026-08-22 18:44:38.755,157.0
2026-08-22 18:44:38.756,157.0
2026-08-22 18:45:38.755,157.0
2026-08-22 18:45:38.756,157.0
2026-08-22 18:46:38.755,157.0
2026-08-22 18:46:38.756,157.0
2026-08-22 18:47:38.756,157.0
2026-08-22 18:48:38.756,157.0
2026-08-22 18:48:38.757,157.0
2026-08-22 18:49:38.756,157.0
2026-08-22 18:49:38.757,157.0
2026-08-22 18:50:38.768,157.0
2026-08-22 18:50:38.769,157.0
2026-08-22 18:51:38.768,157.0
2026-08-22 18:51:38.769,157.0
2026-08-22 18:52:38.769,157.0
2026-08-22 18:53:38.769,157.0
2026-08-22 18:54:38.769,157.0
2026-08-22 18:54:38.770,157.0
2026-08-22 18:55:38.770,157.0
2026-08-22 18:56:38.770,157.0
2026-08-22 18:57:38.770,157.0
2026-08-22 18:58:38.770,157.0
2026-08-22 18:59:38.770,157.0
2026-08-22 19:00:38.780,157.0
2026-08-22 19:01:38.780,157.0
2026-08-22 19:02:38.780,157.0
2026-08-22 19:02:38.781,157.0
2026-08-22 19:03:38.780,157.0
2026-08-22 19:03:38.781,157.0
2026-08-22 19:04:38.780,157.0
2026-08-22 19:04:38.781,157.0
2026-08-22 19:05:38.781,157.0
2026-08-22 19:06:38.781,157.0
2026-08-22 19:07:38.781,157.0
2026-08-22 19:08:38.781,157.0
2026-08-22 19:08:38.782,157.0
2026-08-22 19:09:38.781,157.0
2026-08-22 19:09:38.782,157.0
2026-08-22 19:10:38.793,157.0
2026-08-22 19:10:38.794,157.0
2026-08-22 19:11:38.793,157.0
2026-08-22 19:11:38.794,157.0
2026-08-22 19:12:38.794,157.0
2026-08-22 19:13:38.794,157.0
2026-08-22 19:14:38.794,157.0
2026-08-22 19:15:38.794,157.0
2026-08-22 19:16:38.794,157.0
2026-08-22 19:17:38.794,157.0
2026-08-22 19:17:38.795,157.0
2026-08-22 19:18:38.794,157.0
2026-08-22 19:18:38.795,157.0
2026-08-22 19:19:38.794,157.0
2026-08-22 19:19:38.795,157.0
2026-08-22 19:20:38.803,157.0
2026-08-22 19:20:38.804,157.0
2026-08-22 19:21:38.804,157.0
2026-08-22 19:22:38.804,157.0
2026-08-22 19:23:38.804,157.0
2026-08-22 19:23:38.805,157.0
2026-08-22 19:24:38.804,157.0
2026-08-22 19:24:38.805,157.0
2026-08-22 19:25:38.804,157.0
2026-08-22 19:25:38.805,157.0
2026-08-22 19:26:38.804,157.0
2026-08-22 19:26:38.805,157.0
2026-08-22 19:27:38.805,157.0
2026-08-22 19:28:38.805,157.0
2026-08-22 19:29:38.805,157.0
2026-08-22 19:30:38.820,157.0
2026-08-22 19:31:38.820,157.0
2026-08-22 19:32:38.820,157.0
2026-08-22 19:33:38.820,157.0
2026-08-22 19:34:38.820,157.0
2026-08-22 19:35:38.820,157.0
2026-08-22 19:35:38.821,157.0
2026-08-22 19:36:38.820,157.0
2026-08-22 19:36:38.821,157.0
2026-08-22 19:37:38.820,157.0
2026-08-22 19:37:38.821,157.0
2026-08-22 19:38:38.820,157.0
2026-08-22 19:38:38.821,157.0
2026-08-22 19:39:38.820,157.0
2026-08-22 19:39:38.821,157.0
2026-08-22 19:40:38.831,157.0
2026-08-22 19:40:38.832,157.0
2026-08-22 19:41:38.831,157.0
2026-08-22 19:41:38.832,157.0
2026-08-22 19:42:38.831,157.0
2026-08-22 19:42:38.832,157.0
2026-08-22 19:43:38.831,157.0
2026-08-22 19:43:38.832,157.0
2026-08-22 19:44:38.831,157.0
2026-08-22 19:44:38.832,157.0
2026-08-22 19:45:38.831,157.0
2026-08-22 19:45:38.832,157.0
2026-08-22 19:46:38.832,157.0
2026-08-22 19:47:38.832,157.0
2026-08-22 19:48:38.832,157.0
2026-08-22 19:49:38.832,157.0
2026-08-22 19:50:38.844,157.0
2026-08-22 19:51:38.844,157.0
2026-08-22 19:52:38.844,157.0
2026-08-22 19:52:38.845,157.0
2026-08-22 19:53:38.844,157.0
2026-08-22 19:53:38.845,157.0
2026-08-22 19:54:38.844,157.0
2026-08-22 19:54:38.845,157.0
2026-08-22 19:55:38.844,157.0
2026-08-22 19:55:38.845,157.0
2026-08-22 19:56:38.844,157.0
2026-08-22 19:56:38.845,157.0
2026-08-22 19:57:38.845,157.0
2026-08-22 19:58:38.845,157.0
2026-08-22 19:59:38.845,157.0
2026-08-22 20:00:38.857,157.0
2026-08-22 20:01:38.857,157.0
2026-08-22 20:02:38.857,157.0
2026-08-22 20:02:38.858,157.0
2026-08-22 20:03:38.857,157.0
2026-08-22 20:03:38.858,157.0
2026-08-22 20:04:38.857,157.0
2026-08-22 20:04:38.858,157.0
2026-08-22 20:05:38.857,157.0
2026-08-22 20:05:38.859,157.0
2026-08-22 20:06:38.857,157.0
2026-08-22 20:06:38.859,157.0
2026-08-22 20:07:38.857,157.0
2026-08-22 20:07:38.859,157.0
2026-08-22 20:08:38.857,157.0
2026-08-22 20:08:38.859,157.0
2026-08-22 20:09:38.857,157.0
2026-08-22 20:09:38.859,157.0
2026-08-22 20:10:38.866,157.0
2026-08-22 20:10:38.868,157.0
2026-08-22 20:11:38.866,157.0
2026-08-22 20:11:38.868,157.0
2026-08-22 20:12:38.866,157.0
2026-08-22 20:12:38.868,157.0
2026-08-22 20:13:38.866,157.0
2026-08-22 20:13:38.869,157.0
2026-08-22 20:14:38.866,157.0
2026-08-22 20:14:38.869,157.0
2026-08-22 20:15:38.866,157.0
2026-08-22 20:15:38.869,157.0
2026-08-22 20:16:38.866,157.0
2026-08-22 20:16:38.869,157.0
2026-08-22 20:17:38.867,157.0
2026-08-22 20:17:38.869,157.0
2026-08-22 20:18:38.867,157.0
2026-08-22 20:18:38.869,157.0
2026-08-22 20:19:38.867,157.0
2026-08-22 20:19:38.869,157.0
2026-08-22 20:20:38.879,157.0
2026-08-22 20:20:38.881,157.0
2026-08-22 20:21:38.879,157.0
2026-08-22 20:21:38.881,157.0
2026-08-22 20:22:38.879,157.0
2026-08-22 20:22:38.881,157.0
2026-08-22 20:23:38.880,157.0
2026-08-22 20:23:38.881,157.0
2026-08-22 20:24:38.880,157.0
2026-08-22 20:24:38.882,157.0
2026-08-22 20:25:38.880,157.0
2026-08-22 20:25:38.882,157.0
2026-08-22 20:26:38.880,157.0
2026-08-22 20:26:38.882,157.0
2026-08-22 20:27:38.880,157.0
2026-08-22 20:27:38.882,157.0
2026-08-22 20:28:38.880,157.0
2026-08-22 20:28:38.882,157.0
2026-08-22 20:29:38.880,157.0
2026-08-22 20:29:38.882,157.0
2026-08-22 20:30:38.892,157.0
2026-08-22 20:30:38.894,157.0
2026-08-22 20:31:38.893,157.0
2026-08-22 20:31:38.894,157.0
2026-08-22 20:32:38.893,157.0
2026-08-22 20:32:38.895,157.0
2026-08-22 20:33:38.893,157.0
2026-08-22 20:33:38.895,157.0
2026-08-22 20:34:38.893,157.0
2026-08-22 20:34:38.895,157.0
2026-08-22 20:35:38.893,157.0
2026-08-22 20:35:38.895,157.0
2026-08-22 20:36:38.894,157.0
2026-08-22 20:36:38.895,157.0
2026-08-22 20:37:38.894,157.0
2026-08-22 20:37:38.895,157.0
2026-08-22 20:38:38.894,157.0
2026-08-22 20:38:38.895,157.0
2026-08-22 20:39:38.894,157.0
2026-08-22 20:39:38.895,157.0
2026-08-22 20:40:38.906,157.0
2026-08-22 20:41:38.906,157.0
2026-08-22 20:42:38.906,157.0
2026-08-22 20:43:38.906,157.0
2026-08-22 20:43:38.907,157.0
2026-08-22 20:44:38.906,157.0
2026-08-22 20:44:38.907,157.0
2026-08-22 20:45:38.907,157.0
2026-08-22 20:46:38.907,157.0
2026-08-22 20:47:38.907,157.0
2026-08-22 20:48:38.907,157.0
2026-08-22 20:49:38.907,157.0
2026-08-22 20:49:38.908,157.0
2026-08-22 20:50:38.920,157.0
2026-08-22 20:51:38.920,157.0
2026-08-22 20:52:38.920,157.0
2026-08-22 20:53:38.920,157.0
2026-08-22 20:54:38.920,157.0
2026-08-22 20:54:38.921,157.0
2026-08-22 20:55:38.920,157.0
2026-08-22 20:55:38.921,157.0
2026-08-22 20:56:38.921,157.0
2026-08-22 20:57:38.921,157.0
2026-08-22 20:58:38.921,157.0
2026-08-22 20:59:38.921,157.0
2026-08-22 21:00:38.932,157.0
2026-08-22 21:01:38.932,157.0
2026-08-22 21:01:38.933,157.0
2026-08-22 21:02:38.932,157.0
2026-08-22 21:02:38.933,157.0
2026-08-22 21:03:38.932,157.0
2026-08-22 21:03:38.933,157.0
2026-08-22 21:04:38.933,157.0
2026-08-22 21:05:38.933,157.0
2026-08-22 21:06:38.933,157.0
2026-08-22 21:07:38.933,157.0
2026-08-22 21:08:38.933,157.0
2026-08-22 21:09:38.933,157.0
2026-08-22 21:10:38.941,157.0
2026-08-22 21:11:38.941,157.0
2026-08-22 21:11:38.942,157.0
2026-08-22 21:12:38.941,157.0
2026-08-22 21:12:38.942,157.0
2026-08-22 21:13:38.941,157.0
2026-08-22 21:13:38.942,157.0
2026-08-22 21:14:38.941,157.0
2026-08-22 21:14:38.942,157.0
2026-08-22 21:15:38.942,157.0
2026-08-22 21:16:38.942,157.0
2026-08-22 21:17:38.942,157.0
2026-08-22 21:18:38.942,157.0
2026-08-22 21:19:38.942,157.0
2026-08-22 21:19:38.943,157.0
2026-08-22 21:20:38.957,157.0
2026-08-22 21:20:38.958,157.0
2026-08-22 21:21:38.958,157.0
2026-08-22 21:22:38.958,157.0
2026-08-22 21:23:38.958,157.0
2026-08-22 21:24:38.958,157.0
2026-08-22 21:25:38.958,157.0
2026-08-22 21:26:38.958,157.0
2026-08-22 21:26:38.959,157.0
2026-08-22 21:27:38.958,157.0
2026-08-22 21:27:38.959,157.0
2026-08-22 21:28:38.958,157.0
2026-08-22 21:28:38.959,157.0
2026-08-22 21:29:38.959,157.0
2026-08-22 21:30:38.969,157.0
2026-08-22 21:31:38.969,157.0
2026-08-22 21:32:38.969,157.0
2026-08-22 21:33:38.969,157.0
2026-08-22 21:34:38.969,157.0
2026-08-22 21:34:38.970,157.0
2026-08-22 21:35:38.969,157.0
2026-08-22 21:35:38.970,157.0
2026-08-22 21:36:38.969,157.0
2026-08-22 21:36:38.970,157.0
2026-08-22 21:37:38.970,157.0
2026-08-22 21:38:38.970,157.0
2026-08-22 21:39:38.970,157.0
2026-08-22 21:40:38.984,157.0
2026-08-22 21:41:38.984,157.0
2026-08-22 21:42:38.984,157.0
2026-08-22 21:43:38.984,157.0
2026-08-22 21:44:38.984,157.0
2026-08-22 21:45:38.984,157.0
2026-08-22 21:46:38.984,157.0
2026-08-22 21:46:38.985,157.0
2026-08-22 21:47:38.984,157.0
2026-08-22 21:47:38.985,157.0
2026-08-22 21:48:38.984,157.0
2026-08-22 21:48:38.985,157.0
2026-08-22 21:49:38.984,157.0
2026-08-22 21:49:38.985,157.0
2026-08-22 21:50:38.995,157.0
2026-08-22 21:50:38.996,157.0
2026-08-22 21:51:38.995,157.0
2026-08-22 21:51:38.996,157.0
2026-08-22 21:52:38.995,157.0
2026-08-22 21:52:38.996,157.0
2026-08-22 21:53:38.995,157.0
2026-08-22 21:53:38.996,157.0
2026-08-22 21:54:38.996,157.0
2026-08-22 21:55:38.996,157.0
2026-08-22 21:56:38.996,157.0
2026-08-22 21:57:38.996,157.0
2026-08-22 21:58:38.996,157.0
2026-08-22 21:59:38.996,157.0
2026-08-22 21:59:38.997,157.0
2026-08-22 22:00:39.007,157.0
2026-08-22 22:01:39.007,157.0
2026-08-22 22:02:39.007,157.0
2026-08-22 22:03:39.007,157.0
2026-08-22 22:03:39.008,157.0
2026-08-22 22:04:39.007,157.0
2026-08-22 22:04:39.008,157.0
2026-08-22 22:05:39.007,157.0
2026-08-22 22:05:39.008,157.0
2026-08-22 22:06:39.007,157.0
2026-08-22 22:06:39.008,157.0
2026-08-22 22:07:39.007,157.0
2026-08-22 22:07:39.008,157.0
2026-08-22 22:08:39.007,157.0
2026-08-22 22:08:39.009,157.0
2026-08-22 22:09:39.008,157.0
2026-08-22 22:09:39.009,157.0
2026-08-22 22:10:39.018,157.0
2026-08-22 22:10:39.019,157.0
2026-08-22 22:11:39.018,157.0
2026-08-22 22:11:39.020,157.0
2026-08-22 22:12:39.019,157.0
2026-08-22 22:12:39.020,157.0
2026-08-22 22:13:39.019,157.0
2026-08-22 22:13:39.020,157.0
2026-08-22 22:14:39.019,157.0
2026-08-22 22:14:39.020,157.0
2026-08-22 22:15:39.019,157.0
2026-08-22 22:15:39.020,157.0
2026-08-22 22:16:39.019,1.0
2026-08-22 22:16:39.020,1.0
2026-08-22 22:17:39.019,1.0
2026-08-22 22:17:39.020,1.0
2026-08-22 22:18:39.020,1.0
2026-08-22 22:19:39.020,1.0
2026-08-22 22:20:39.033,1.0
2026-08-22 22:20:39.034,1.0
2026-08-22 22:21:39.033,1.0
2026-08-22 22:21:39.034,1.0
2026-08-22 22:22:39.033,1.0
2026-08-22 22:22:39.034,1.0
2026-08-22 22:23:39.033,1.0
2026-08-22 22:23:39.034,1.0
2026-08-22 22:24:39.034,1.0
2026-08-22 22:25:39.034,1.0
2026-08-22 22:26:39.034,1.0
2026-08-22 22:27:39.034,1.0
2026-08-22 22:28:39.034,1.0
2026-08-22 22:29:39.034,1.0
2026-08-22 22:30:39.046,1.0
2026-08-22 22:31:39.046,1.0
2026-08-22 22:32:39.046,1.0
2026-08-22 22:33:39.046,1.0
2026-08-22 22:34:39.046,1.0
2026-08-22 22:34:39.047,1.0
2026-08-22 22:35:39.046,1.0
2026-08-22 22:35:39.047,1.0
2026-08-22 22:36:39.046,1.0
2026-08-22 22:36:39.047,1.0
2026-08-22 22:37:39.046,1.0
2026-08-22 22:37:39.047,1.0
2026-08-22 22:38:39.047,1.0
2026-08-22 22:39:39.047,1.0
2026-08-22 22:40:39.058,1.0
2026-08-22 22:41:39.058,1.0
2026-08-22 22:42:39.058,1.0
2026-08-22 22:43:39.058,1.0
2026-08-22 22:44:39.058,1.0
2026-08-22 22:45:39.058,1.0
2026-08-22 22:46:39.058,1.0
2026-08-22 22:46:39.059,1.0
2026-08-22 22:47:39.059,1.0
2026-08-22 22:48:39.059,1.0
2026-08-22 22:49:39.059,1.0
2026-08-22 22:50:39.070,1.0
2026-08-22 22:51:39.070,1.0
2026-08-22 22:52:39.070,1.0
2026-08-22 22:53:39.070,1.0
2026-08-22 22:53:39.071,1.0
2026-08-22 22:54:39.070,1.0
2026-08-22 22:54:39.071,1.0
2026-08-22 22:55:39.071,1.0
2026-08-22 22:56:39.071,1.0
2026-08-22 22:57:39.071,1.0
2026-08-22 22:58:39.071,1.0
2026-08-22 22:59:39.071,1.0
2026-08-22 23:00:39.083,1.0
2026-08-22 23:01:39.083,1.0
2026-08-22 23:02:39.083,1.0
2026-08-22 23:03:39.083,1.0
2026-08-22 23:04:39.083,1.0
2026-08-22 23:04:39.084,1.0
2026-08-22 23:05:39.084,1.0
2026-08-22 23:06:39.084,1.0
2026-08-22 23:07:39.084,1.0
2026-08-22 23:08:39.084,1.0
2026-08-22 23:09:39.084,1.0
2026-08-22 23:10:39.096,1.0
2026-08-22 23:11:39.096,1.0
2026-08-22 23:12:39.096,1.0
2026-08-22 23:13:39.096,1.0
2026-08-22 23:14:39.096,1.0
2026-08-22 23:15:39.097,1.0
2026-08-22 23:16:39.097,1.0
2026-08-22 23:17:39.097,1.0
2026-08-22 23:18:39.097,1.0
2026-08-22 23:19:39.097,1.0
2026-08-22 23:20:39.108,1.0
2026-08-22 23:20:39.109,1.0
2026-08-22 23:21:39.108,1.0
2026-08-22 23:21:39.109,1.0
2026-08-22 23:22:39.109,1.0
2026-08-22 23:23:39.109,1.0
2026-08-22 23:24:39.109,1.0
2026-08-22 23:25:39.109,1.0
2026-08-22 23:26:39.109,1.0
2026-08-22 23:27:39.109,1.0
2026-08-22 23:28:39.109,1.0
2026-08-22 23:29:39.109,1.0
2026-08-22 23:29:39.110,1.0
2026-08-22 23:30:39.123,1.0
2026-08-22 23:31:39.123,1.0
2026-08-22 23:32:39.124,1.0
2026-08-22 23:33:39.124,1.0
2026-08-22 23:34:39.124,1.0
2026-08-22 23:35:39.124,1.0
2026-08-22 23:36:39.124,1.0
2026-08-22 23:37:39.124,1.0
2026-08-22 23:38:39.124,1.0
2026-08-22 23:39:39.124,1.0
2026-08-22 23:40:39.135,1.0
2026-08-22 23:40:39.136,1.0
2026-08-22 23:41:39.135,1.0
2026-08-22 23:41:39.136,1.0
2026-08-22 23:42:39.135,1.0
2026-08-22 23:42:39.136,1.0
2026-08-22 23:43:39.135,1.0
2026-08-22 23:43:39.136,1.0
2026-08-22 23:44:39.136,1.0
2026-08-22 23:45:39.136,1.0
2026-08-22 23:46:39.136,1.0
2026-08-22 23:47:39.136,1.0
2026-08-22 23:48:39.136,1.0
2026-08-22 23:49:39.136,1.0
2026-08-22 23:50:39.146,1.0
2026-08-22 23:50:39.147,1.0
2026-08-22 23:51:39.147,1.0
2026-08-22 23:52:39.147,1.0
2026-08-22 23:53:39.147,1.0
2026-08-22 23:54:39.147,1.0
2026-08-22 23:55:39.147,1.0
2026-08-22 23:56:39.147,1.0
2026-08-22 23:57:39.147,1.0
2026-08-22 23:57:39.148,1.0
2026-08-22 23:58:39.147,1.0
2026-08-22 23:58:39.148,1.0
2026-08-22 23:59:39.147,1.0
2026-08-22 23:59:39.148,1.0
2026-08-23 00:00:39.159,1.0
2026-08-23 00:01:39.159,1.0
2026-08-23 00:02:39.159,1.0
2026-08-23 00:02:39.160,1.0
2026-08-23 00:03:39.159,1.0
2026-08-23 00:03:39.160,1.0
2026-08-23 00:04:39.159,1.0
2026-08-23 00:04:39.160,1.0
2026-08-23 00:05:39.159,1.0
2026-08-23 00:05:39.160,1.0
2026-08-23 00:06:39.159,1.0
2026-08-23 00:06:39.160,1.0
2026-08-23 00:07:39.159,1.0
2026-08-23 00:07:39.160,1.0
2026-08-23 00:08:39.160,1.0
2026-08-23 00:09:39.160,1.0
2026-08-23 00:10:39.172,1.0
2026-08-23 00:11:39.172,1.0
2026-08-23 00:11:39.173,1.0
2026-08-23 00:12:39.172,1.0
2026-08-23 00:12:39.173,1.0
2026-08-23 00:13:39.172,1.0
2026-08-23 00:13:39.173,1.0
2026-08-23 00:14:39.172,1.0
2026-08-23 00:14:39.173,1.0
2026-08-23 00:15:39.172,1.0
2026-08-23 00:15:39.173,1.0
2026-08-23 00:16:39.172,1.0
2026-08-23 00:16:39.173,1.0
2026-08-23 00:17:39.173,1.0
2026-08-23 00:18:39.173,1.0
2026-08-23 00:19:39.173,1.0
2026-08-23 00:20:39.185,1.0
2026-08-23 00:21:39.185,1.0
2026-08-23 00:22:39.185,1.0
2026-08-23 00:23:39.185,1.0
2026-08-23 00:24:39.185,1.0
2026-08-23 00:25:39.185,1.0
2026-08-23 00:26:39.185,1.0
2026-08-23 00:26:39.186,1.0
2026-08-23 00:27:39.185,1.0
2026-08-23 00:27:39.186,1.0
2026-08-23 00:28:39.186,1.0
2026-08-23 00:29:39.186,1.0
2026-08-23 00:30:39.195,1.0
2026-08-23 00:30:39.196,1.0
2026-08-23 00:31:39.195,1.0
2026-08-23 00:31:39.196,1.0
2026-08-23 00:32:39.195,1.0
2026-08-23 00:32:39.196,1.0
2026-08-23 00:33:39.196,1.0
2026-08-23 00:34:39.196,1.0
2026-08-23 00:34:39.197,1.0
2026-08-23 00:35:39.196,1.0
2026-08-23 00:35:39.197,1.0
2026-08-23 00:36:39.196,1.0
2026-08-23 00:36:39.197,1.0
2026-08-23 00:37:39.196,1.0
2026-08-23 00:37:39.197,1.0
2026-08-23 00:38:39.196,1.0
2026-08-23 00:38:39.197,1.0
2026-08-23 00:39:39.196,1.0
2026-08-23 00:39:39.197,1.0
2026-08-23 00:40:39.209,1.0
2026-08-23 00:40:39.210,1.0
2026-08-23 00:41:39.209,1.0
2026-08-23 00:41:39.210,1.0
2026-08-23 00:42:39.209,1.0
2026-08-23 00:42:39.210,1.0
2026-08-23 00:43:39.209,1.0
2026-08-23 00:43:39.210,1.0
2026-08-23 00:44:39.210,1.0
2026-08-23 00:45:39.210,1.0
2026-08-23 00:46:39.210,1.0
2026-08-23 00:46:39.211,1.0
2026-08-23 00:47:39.210,1.0
2026-08-23 00:47:39.211,1.0
2026-08-23 00:48:39.211,1.0
2026-08-23 00:49:39.211,1.0
2026-08-23 00:50:39.225,1.0
2026-08-23 00:51:39.225,1.0
2026-08-23 00:52:39.225,1.0
2026-08-23 00:53:39.225,1.0
2026-08-23 00:54:39.225,1.0
2026-08-23 00:55:39.225,1.0
2026-08-23 00:55:39.226,1.0
2026-08-23 00:56:39.226,1.0
2026-08-23 00:57:39.226,1.0
2026-08-23 00:58:39.226,1.0
2026-08-23 00:59:39.226,1.0
2026-08-23 01:00:39.234,1.0
2026-08-23 01:01:39.234,1.0
2026-08-23 01:02:39.234,1.0
2026-08-23 01:03:39.235,1.0
2026-08-23 01:04:39.235,1.0
2026-08-23 01:05:39.235,1.0
2026-08-23 01:06:39.235,1.0
2026-08-23 01:07:39.235,1.0
2026-08-23 01:07:39.236,1.0
2026-08-23 01:08:39.235,1.0
2026-08-23 01:08:39.236,1.0
2026-08-23 01:09:39.235,1.0
2026-08-23 01:09:39.236,1.0
2026-08-23 01:10:39.248,1.0
2026-08-23 01:10:39.249,1.0
2026-08-23 01:11:39.248,1.0
2026-08-23 01:11:39.249,1.0
2026-08-23 01:12:39.248,1.0
2026-08-23 01:12:39.249,1.0
2026-08-23 01:13:39.248,1.0
2026-08-23 01:13:39.249,1.0
2026-08-23 01:14:39.248,1.0
2026-08-23 01:14:39.249,1.0
2026-08-23 01:15:39.249,1.0
2026-08-23 01:15:39.250,1.0
2026-08-23 01:16:39.249,1.0
2026-08-23 01:16:39.250,1.0
2026-08-23 01:17:39.249,1.0
2026-08-23 01:17:39.250,1.0
2026-08-23 01:18:39.249,1.0
2026-08-23 01:18:39.250,1.0
2026-08-23 01:19:39.249,1.0
2026-08-23 01:19:39.250,1.0
2026-08-23 01:20:39.264,1.0
2026-08-23 01:21:39.264,1.0
2026-08-23 01:22:39.264,1.0
2026-08-23 01:23:39.264,1.0
2026-08-23 01:24:39.264,1.0
2026-08-23 01:27:42.031,-1.0
2026-08-23 01:27:42.032,-1.0
2026-08-23 01:28:42.031,-1.0
2026-08-23 01:28:42.032,-1.0
2026-08-23 01:29:42.031,-1.0
2026-08-23 01:29:42.032,-1.0
2026-08-23 03:31:31.578,-1.0
2026-08-23 03:31:31.579,-1.0
